type	Ontology ID	NTR	label	parent	term	MIFC	definition	definition source	comment	example of use	EquivalentTo	SubClassOf	has specified input	has specified output	has characteristic	see also IRI	term contributor	curation status	created
	ID		AL rdfs:label@en	SC % SPLIT=|			AL IAO:0000115@en	AI IAO:0000119	AL rdfs:comment@en		EC %		SC 'has specified input' some % SPLIT=|	SC 'has specified output' some % SPLIT=|	SC 'has characteristic' some % SPLIT=|	AI rdfs:seeAlso SPLIT=|	AI dcterms:contributor SPLIT=|	A IAO:0000114	AT dcterms:date^^xsd:dateTime
1	http://purl.obolibrary.org/obo/FOODON_00002470		food characteristic	physical object quality	food characteristic		A physical object quality which is born by food material.												
																			
				Parent term	FoodOn Term	MIFC	Definition												
1	FOODON:00004348		raw	organismal quality	raw	☑	A characteristic of organism material which has a biochemical composition that closely resembles its harvested or subsequent biologically aged state.		The definition covers plant, animal and fungi material, and allows for drying before harvest, and allows for cleaning, cutting, storing or trimming after harvest as long as harvested biological state is maintained.										
1	FOODON:03000493	NTR	raw (not intact)	organismal quality	raw (not intact)		A characteristic of organism material which has undergone comminution or meat tenderizing, but which is otherwise unprocessed.	https://www.fsis.usda.gov/sites/default/files/import/Product-Categorization.pdf	"This is a peer of ""raw"", intended to catch the case where a material maintains nutritional characteristics despite certain kinds of processing which may affect other characteristics related to food safety, taste, etc."										
2	FOODON:03311126		food (raw)	food material by characteristic	food (raw)		Food material which is raw.												
1	FOODON:00004722		fresh	raw	fresh	☑	A characteristic of raw organism material which has not undergone significant deterioration or spoilage, and which has not been subjected to drying or freezing.									https://inspection.canada.ca/en/food-labels/labelling/industry/composition-and-quality#s10c3			
2	FOODON:00002457		food (fresh)	food (raw)	food (fresh)		Raw food which is fresh.												
1	PATO:0001432		decayed	viability	decayed		A quality inhering in a bearer by virtue of the bearer's decomposition into component parts.		This also allows for chemical synthesis resulting from decomposition products.										
																			
				Parent term	FoodOn Term	MIFC	Definition												
2	ENVO:01001690		mass of liquid	mass of fluid	mass of liquid	liquid	An object which is composed primarily of a liquid.												
2	FOODON:03430130		food (liquid)	food material by characteristic|mass of liquid	food (liquid)		A state of matter between a solid and a gas, in which a substance has the capacity to flow and conforms to the shape of a container.												
2	FOODON:03430102		liquid, higher viscosity	mass of liquid	liquid, higher viscosity	viscous liquid	A liquid that flows slowly at room temperature.		Destined for PATO										
2	FOODON:03430109		liquid, lower viscosity	mass of liquid	liquid, lower viscosity		A liquid that flows very easily at room temperature.		Destined for PATO										
1	PATO:0001548		quality of a liquid	quality of a substance	quality of a liquid		A physical quality inhering in an entity exhibiting the physical characteristics of an amorphous (non-crystalline) form of matter between a gas and a solid that has a definite volume, but no definite shape.												
1	PATO:0000998		viscous	viscosity	viscous		A viscosity quality inhering in a bearer by virtue of the bearer's having viscosity.												
2		ENVO	mass of semi-solid material	mass of environmental material	mass of semi-solid material	semi-solid	A mass of environmental material which is between solid and liquid material.	https://simple.wikipedia.org/wiki/Semi-solid											
2	ENVO:01001687		mass of solid material	mass of environmental material	mass of solid material	solid	An mass of environmental material which is composed primarily of a solid environmental material												
1	PATO:0001546		quality of a solid	quality of a substance	quality of a solid		A physical quality inhering in a bearer by virtue of the bearer's exhibiting the physical characteristics of an entity characterized by particles arranged such that their shape and volume are relatively stable.												
																			
3			material processing		material processing		A completely executed planned process that intends to output material entities from input material entities												
3	FOODON:00002451		food material processing	material processing	food material processing		Material processing involving food materials.										https://orcid.org/0000-0002-8844-9165	requires discussion	
3			process by mechanism	completely executed planned process	process by mechanism		A planned process which has one or more action specification parts in its plan specification that control a mechanism.		A convenience class for organizing processes by their physical mechanism or digital algorithm. An action may be physical, like pushing a button or setting a dial, or may be about running some software.										
3			process by objective	completely executed planned process	process by objective		A planned process which has one or more objective specification parts in its plan specification.		Implicitly this process must have a part which can sense when its one or more objectives are complete, so that it can halt. Process objectives might be classed as primary, secondary or tertiary but that may be relative to the needs of a supply chain.										
3			material processing by mechanism	material processing	material processing by mechanism		Material processing which has one or more action specifications in its plan specification.		A plan specification may manipulate parameters [variables / dimensions] to create an environment in flux that transforms/changes/affects the materials										
3			material processing by objective	material processing	material processing by objective		Material processing which has one or more objective specification parts in its plan specification.		Ideally infer that the change a process achieves is intentional (incl. energy efficiency w/r/t another process).  E.g. if some process has in its modelling that a single material input is divided into two or more material outputs, this matches the material component separation process. Is this a side-effect or intentional main point?  The latter is an objective.										
3			food processing by objective	material processing by objective	food processing by objective														
3			food processing by sensory objective	food processing by objective	food processing by sensory objective														
3			food processing by health objective	food processing by objective	food processing by health objective														
3	FOODON:03460111		food treatment	food material processing	food treatment		Used to specifically characterize a food product based on the treatment or processes applied to the product or any indexed ingredient. The processes include adding, substituting or removing components or modifying the food or component, e.g., through fermentation.		LanguaL curation note: This term is for CLASSIFICATION ONLY; DO NOT USE term in indexing. Use a more precise narrower term.										
3	FOODON:03460141		food modification	food treatment	food modification		A food treatment process in which a food material's composition is changed in some mechanical or chemical way.		LanguaL curation note: Used when the food product underwent mechanical, chemical or enzymatic modification that has affected the texture, flavor or other characteristic of the product.										
3	FOODON:03460130		physical/chemical modification	food modification	physical/chemical modification		A food modification where physical or chemical changes are effected in any food ingredient through a physical or non-enzymatic chemical process.												
																			
3			molecular mechanism	material processing	molecular mechanism		????												
3			molecular mechanism by reaction type	molecular mechanism	molecular mechanism by reaction type		A molecular mechanism categorized by its reaction type.												
3			covalent reaction	molecular mechanism	covalent reaction		A molecular mechanism by reaction type involving a covalent reaction.												
3			non-covalent reaction	molecular mechanism	non-covalent reaction		A molecular mechanism by reaction type involving a non-covalent reaction.												
3			molecular mechanism by spatial location	molecular mechanism	molecular mechanism by spatial location		A molecular mechanism categorized by the region in which reactions are taking place.												
3			surface mechanism	molecular mechanism	surface mechanism		A molecular mechanism where reactions are occurring at some surface boundary.												
3			bulk molecular mechanism	molecular mechanism	bulk molecular mechanism		A molecular mechanism where reactions are occurring throughout a mixture.												
																			
3	FOODON:03000710		microorganism control	material processing	microorganism control		A material processing involving the control of pathogenic or fermentation related microorganisms in material.												
3	FOODON:03000711		food microorganism control	microorganism control	food microorganism control		A microorganism control process involving food related microorganisms in food material.												
3	FOODON:03000712		microorganism growth enhancement	microorganism control	microorganism growth enhancement		A microorganism control process in which microorganism cell viability is enhanced.												
3	FOODON:03000713		microorganism growth retardation	microorganism control	microorganism growth retardation		A microorganism control process in which microorganism cell viability is reduced.												
3	FOODON:03000714		microorganism killing	microorganism control	microorganism killing		A microorganism control process in which microorganisms are destroyed.		If food material is involved, we could infer this is a subclass of food preservation.										
3	FOODON:03000494	NTR	sterilization	microorganism killing	sterilization		A microorganism killing process in which all microorganisms are destroyed in an input material.		If food material is involved, we could infer instances of this is a subclass of food preservation.										
1	FOODON:03460279	NTR	sterile (sensu material)	quality of a substance	sterile (sensu material)		A characteristic of a material entity indicating that it has undergone sterilization.		"DIFFERENT: PATO Sterile refers to bearer's ability to reproduce:"" A fertility quality inhering in a bearer by virtue of the bearer's being incapable of initiating, sustaining, or supporting reproduction."										
2	FOODON:03460281		sterile material	material entity	sterile material		A material entity which is sterile.												
2	FOODON:03000495	NTR	food (sterile)	food material by characteristic	food (sterile)		Food material which is sterile.												
3	FOODON:03000496	NTR	microorganism removal	food microorganism control|food preservation	microorganism removal		A food microorganism control process in which food microorganisms are removed from food material.												
3	OBI:0302885		filtration	material component separation	filtration		filtration is a process which separates components suspended in a fluid based on granularity properties relying on a filter device.												
3	FOODON:03470121		microorganism filtration	filtration|microorganism removal	microorganism filtration		A filtration process which removes microorganisms from an input material.												
3	FOODON:03470177		microorganism micro-filtration	microorganism filtration	microorganism micro-filtration		A microorganism filtration process that consists of separating components by using semipermeable membranes with pore sizes between 0.1 and 10 micrometers to remove suspended particles or microorganisms from a fluid.												
3	FOODON:03470157		microorganism ultra-filtration	microorganism filtration	microorganism ultra-filtration		A microorganism filtration process that consists of separating particles from a fluid using a semipermeable membrane with pores of 1-100 nanometers.		Some dairy product are ultrafiltrated in order to obtain a higher protein concentration and hereby, a thicker consistency or textture. LanguaL curation note: Used when a product is preservation by the use of ultra-filtration to remove undesirable micro organisms and molecules. Example: beer.										
3	FOODON:03470160		ultra high pressure sterilization	sterilization|food preservation	ultra high pressure sterilization		The process of holding food at a high pressure, normally greater than 1000 bar, which leads to sterilization. Example: Fruit juice, jam.												https://orcid.org/0000-0002-8844-9165
3	FOODON:03470161		preservation by electron accelerator radiation	preservation by irradiation	preservation by electron accelerator radiation		Treated by electron accelerator radiation, for example to kill insects in cereals.												
3	FOODON:03460119		microbial/enzymatic modification	food modification	microbial/enzymatic modification		A food modification by microbial or enzymatic action which results in molecular changes in any food component.		LanguaL curation note: If salt, sugar or other food additive is used to aid in the modification, index it by the appropriate term under *INGREDIENT ADDED*.										
																			
3	FOODON:03470107		food preservation	food treatment	food preservation		A food treatment which contributes to the prevention or retardation of microbial, enzymatic or oxidative spoilage and thus to the durability of food material.		LanguaL curation notes:  - This term is for CLASSIFICATION ONLY; DO NOT USE term in indexing. Use a more precise narrower term. - Index all methods for which information is available, even if a corresponding descriptor has already been used in *H. TREATMENT APPLIED*. Preservation descriptors refer to the finished food as a whole with these exceptions: (1) if the components of a multi-component food, such as cream pie, are preservation by different methods, index all methods; (2)  if chemical preservatives are declared on the label, always index them even if it is known that the preservative was introduced through or is only present in a component or ingredient of the food; and (3) if the preservation method for an ingredient is declared on the label (such as brie cheese made from pasteurized milk) index it. Also use *INGREDIENT preservation by THERMAL PROCESSING* or *INGREDIENT preservation by IRRADIATION* when ingredients have been pasteurized, ultrapasteurized, sterilized or irradiated.										
2	FOODON:03000497	NTR	food (perishable)	food material by characteristic	food (perishable)		Food which has a perishable characteristic.												
1	FOODON:03000498	NTR	perishable	food characteristic	perishable		A characteristic of food material which indicates that over time it will more likely decompose, or spoil or cause illness due to foodborne microorganisms, unless subjected to a food preservation process.	https://en.wiktionary.org/wiki/perishable	Perishability is often linked to the water activity (or concentration) in food materials.							https://www.fda.gov/inspections-compliance-enforcement-and-criminal-investigations/inspection-technical-guides/water-activity-aw-foods			
1	FOODON:03000499	NTR	shelf stable	food characteristic	shelf stable	shelf stable	A characteristic food material which indicates that from a food safety perspective it can be safely stored at room temperature.	https://www.fsis.usda.gov/food-safety/safe-food-handling-and-preparation/food-safety-basics/shelf-stable-food	Some food materials such as milk need sterilization to be shelf stable; others are shelf stable due to their dehydrated state, such as dates or dried peas.										
1	FOODON:03000500	NTR	durable shelf life	shelf stable	durable shelf life		A characteristic of shelf stable food material which indicates that in addition to being safely storable, it maintains its quality and desired palatability, and fulfills any nutritional declarations it has, up to some date of minimum durability.	https://inspection.canada.ca/en/preventive-controls/shelf-life-studies	"The general discriptive dimension here is ""durability"".  Some food materials such as bread need packaging and/or additives in addition to preservatives to extend their durable life. Ambient temperature or humidity may ultimately affect extend durable life performance."										
3	FOODON:03470109		chemical food preservation	food preservation	chemical food preservation		Preservation by use of chemical to destroy, suppress or inhibit undesirable microorganisms or enzyme activity.												
3	FOODON:03470108		preservation by treatment with chemicals	chemical food preservation	preservation by treatment with chemicals		Preservation by immersing in or spraying with liquids (e.g., sulfite solutions) or surrounding with gases (e.g., ethylene oxide, propylene oxide or sulfur dioxide) to destroy undesirable microorganisms or inactivate enzymes. Diffusion and chemical reaction may create a residue in the food product that contributes to continuing preservation.												
3	FOODON:03470100		preservation by adding chemical preservative	chemical food preservation	preservation by adding chemical preservative		Preservation by adding chemical preservatives (e.g., sorbic acid, sodium benzoate, BHT, calcium proprionate) to suppress or inhibit undesirable microorganisms or enzyme activity.												
3	FOODON:03470149		preservation by adding acid	preservation by adding chemical preservative	preservation by adding acid		Preservation by adding acids or salts to suppress or inhibit undesirable micro-organisms or enzyme activity.												
3	FOODON:03470154		preservation by adding inorganic acids or salts	preservation by adding acid	preservation by adding inorganic acids or salts		Preservation by adding inorganic acids or salts (e.g. SO2, H2SO4, KNO4, NaNO3).												
3	FOODON:03470155		preservation by adding organic acids or salts	preservation by adding acid	preservation by adding organic acids or salts		Preservation by adding organic acids or salts (e.g. lactic acid, acetic acid, salicylic acid).												
3	FOODON:03470156		preservation by adding antibiotics	preservation by adding chemical preservative	preservation by adding antibiotics		Preservation by adding antibiotics (e.g. nisin, tylosine, subtlin, bacitracin, chlorotetracyclin, oxytetracyclin) to kill micro organisms or stop their growth.												
																			
3	FOODON:03470145		preservation by reducing water activity	food preservation	preservation by reducing water activity		A food preservation process which lowers the water activity (relative humidity) of a food product by drying (water reduction) or by adding salt, sugar or other agents to the food.	https://www.fda.gov/inspections-compliance-enforcement-and-criminal-investigations/inspection-technical-guides/water-activity-aw-foods											
3	FOODON:03470146		preservation by adding sugar	preservation by reducing water activity	preservation by adding sugar		Preservation by adding sugar, sugar syrup or by partial inversion of disaccharides until the sugar concentration is high enough to prevent growth of microorganisms.												
3	FOODON:03470176		controlled atmosphere storage	food preservation	controlled atmosphere storage		Storage of fruits and vegetables in an atmosphere in which the concentrations of oxygen, carbon dioxide (and often nitrogen) are different from those in air and at a low temperature. All three (four) factors are controlled at the desired levels in order to suppress the fruits' and vegetables' natural respiration.												
3	FOODON:03470111		preservation by storage in modified atmosphere	controlled atmosphere storage	preservation by storage in modified atmosphere		Preservation by storage in an atmosphere in which the concentrations of oxygen and carbon dioxide are different from those in air. This reduces microbial and enzymatic activity; often used commercially in conjunction with refrigeration (e.g., refrigerated rail cars) for fresh meat and produce.												
3	FOODON:03470173		inert atmosphere storage	controlled atmosphere storage	inert atmosphere storage		Preservation by storage in inert gases (e.g. nitrogen) to suppress or inhibit undesirable micro-organism growth, oxidation activity, etc.												
3	FOODON:03470174		vaccum storage	controlled atmosphere storage	vaccum storage		Storing under reduced pressure (e.g. 1.3-2 kPa) in order to suppress or inhibit undesirable micro organism growth, oxidation activity, etc.												
																			
																			
3	FOODON:03470138		preservation by irradiation	completely executed planned process	preservation by irradiation		Preservation by the use of radiation to destroy or suppress undesirable microorganisms or enzyme activity.												
3	FOODON:03470152		food material preservation by irradiation	preservation by irradiation	food material preservation by irradiation		A preservation by irradiation process applied to food material.	https://en.wikipedia.org/wiki/Ionizing_radiation	LanguaL curation note: Used when an ingredient or a component of a food has been preservation by irradiation.										
3	FOODON:03470122		preservation by ionizing radiation	preservation by irradiation	preservation by ionizing radiation		The application of ionizing radiation to food with the objective of food preservation by irradiation, primarily by high energy electromagnetic waves or particles.												
3	FOODON:03460261		food ultraviolet irradiation	food irradiation	food ultraviolet irradiation		TBD: 												
1	FOODON:03000501	NTR	ultraviolet light exposed (sensu food)	irradiated (sensu food)	ultraviolet light exposed (sensu food)	ultraviolet light exposed	A characteristic of irradiated food material which indicates that it has been exposed to ultraviolet light.												
3	FOODON:03470115		surface pasteurization or disinfection by ultraviolet irradiation	preservation by irradiation	surface pasteurization or disinfection by ultraviolet irradiation		A preservation by irradiation process in which microorganisms are reduced or eliminated on or in material by exposure to ultraviolet irradiation. 		LanguaL curation note: Used when sufficient ultraviolet radiation is applied to destroy most pathogenic and spoilage organisms present on the surface or to inhibit sprouting of stored agricultural produce and destroy storage pests. When followed by refrigeration, also index *preservation by CHILLING*.										
3	FOODON:03470113		food sterilization by irradiation	preservation by ionizing radiation|food ionizing irradiation	food sterilization by irradiation		A preservation by irradiation process in which microorganisms are reduced or eliminated on or in food material by exposure to ultraviolet irradiation. 		LanguaL curation note: Used for a food product that has been packed in a hermetically sealed container and rendered commercially sterile by ionizing radiation (e.g. 24-28 kGy).										
3	FOODON:03460121		food irradiation	physical/chemical modification	food irradiation		A physical/chemical modification in which a food product or component is irradiated for any purpose.		There are three kinds of irradiation that can be applied to food: gamma, electron-beam, and X-ray										
2	FOODON:03000502	NTR	food (irradiated)	food material by characteristic	food (irradiated)		Food material which has been irradiated.												
1	FOODON:03000503	NTR	irradiated (sensu food)	food characteristic	irradiated (sensu food)	irradiated	A characteristic of food material which indicates that it has undergone food irradiation.		Irradiation changes the biochemical constitution of some/many foods, so this kind of raw food is not necessarily a child of “raw”: “Some foods, such as dairy foods and eggs, cannot be irradiated because it causes changes in flavour or texture.” [https://www.betterhealth.vic.gov.au/health/healthyliving/food-irradiation]										
3	FOODON:03460179		food ionizing irradiation	food irradiation	food ionizing irradiation		A food irradiation process in which ionizing irradiation is applied.												
3	FOODON:03470162		disinfection by irradiation	preservation by ionizing radiation	disinfection by irradiation		LanguaL curation note: Used when sufficient radiation (e.g. 1-5 k gy) is applied to destroy pathogenic and food spoilage organisms. Example: spices. Radurised food should be stored in a cool and dry place.		LanguaL curation note: Used when sufficient radiation (e.g. 1-5 k gy) is applied to destroy pathogenic and food spoilage organisms. Example: spices. Radurised food should be stored in a cool and dry place.										
																			
3	FOODON:03470120		heat treatment food preservation	food preservation	heat treatment food preservation		Preservation by the use of high temperature for a time sufficient to reduce or destroy undesirable microorganisms and enzyme activity. [FDA CFSAN 1995]												
3	FOODON:03470151		preservation of food component by heat treatment	heat treatment food preservation	preservation of food component by heat treatment		LanguaL curation note: Used when an ingredient or a component of a food has undergone preservation by pasteurization, ultrapasteurization or sterilization.		LanguaL curation note: Used when an ingredient or a component of a food has undergone preservation by pasteurization, ultrapasteurization or sterilization.										
3	FOODON:03470123		food sterilization by heating	heat treatment food preservation	food sterilization by heating		LanguaL curation note: Used when the product is rendered commercially sterile by holding at high temperature before or after it is packed in a hermetically sealed container.		LanguaL curation note: Used when the product is rendered commercially sterile by holding at high temperature before or after it is packed in a hermetically sealed container.										
3	FOODON:03470147		food sterilization at ultra high temperature (UHT)	aseptic filling and sealing of food	food sterilization at ultra high temperature (UHT)														
3	FOODON:03470110		food sterilization after filling	food sterilization by heating	food sterilization after filling		LanguaL curation note: Used when a food product was sterilized by holding at a high temperature after filling.		LanguaL curation note: Used when a food product was sterilized by holding at a high temperature after filling.										
3	FOODON:03470114		food sterilization by hot filling and cooling	food sterilization before filling	food sterilization by hot filling and cooling		LanguaL curation note: Used when a sterile product is filled into a container at approximately 212 degrees F and cooled promptly after sealing.		LanguaL curation note: Used when a sterile product is filled into a container at approximately 212 degrees F and cooled promptly after sealing.										
3	FOODON:03470102		food sterilization before filling	food sterilization by heating	food sterilization before filling		LanguaL curation note: Used when a food product is sterilized by holding at a high temperature before filling; the container may be sterilized before or after filling.		LanguaL curation note: Used when a food product is sterilized by holding at a high temperature before filling; the container may be sterilized before or after filling.										
3	FOODON:03470126		aseptic filling and sealing of food	food sterilization before filling	aseptic filling and sealing of food		LanguaL curation note: Used when a sterile product is filled in a sterile atmosphere into a sterile container. For further detail see 21 CFR 113.3(a).		LanguaL curation note: Used when a sterile product is filled in a sterile atmosphere into a sterile container. For further detail see 21 CFR 113.3(a).										
3	FOODON:03470129		food sterilization by hot filling, held hot and cooling	food sterilization before filling	food sterilization by hot filling, held hot and cooling		LanguaL curation note: Used when a sterile product is filled into a container at approximately 212 degrees F., sealed, and held hot temporarily to complete processing before cooling.		LanguaL curation note: Used when a sterile product is filled into a container at approximately 212 degrees F., sealed, and held hot temporarily to complete processing before cooling.										
3	FOODON:03000504	NTR	pasteurization	microorganism killing	pasteurization		A microorganism killing process which has the objective of reducing potential pathogenic microbes by an amount equivalent to Pasteur's process.	https://en.wikipedia.org/wiki/Pasteurization											
2	FOODON:00002654		food (pasteurized)	food material by process	food (pasteurized)		Food material which has been pasteurized.												
1	FOODON:03000505	NTR	pasteurized	food characteristic	pasteurized	pasteurized	A characteristic of food material which indicates that it has been pasteurized.												
3	FOODON:03470119		pasteurization by irradiation	pasteurization|preservation by ionizing radiation	pasteurization by irradiation		A pasteurization process which employs ionizing radiation.		LanguaL curation note: Used when sufficient radiation (e.g. 10 kGy) is applied to destroy most patho-genic and food spoilage organisms. Also index *preservation by CHILLING*.										
3	FOODON:03470135		pasteurization by heating	pasteurization|heat treatment food preservation	pasteurization by heating		LanguaL curation note: Used when the product is held at a temperature of 60-150 °C (140-300 °F) for a time sufficient to destroy most pathogenic and food spoilage organisms. When followed by refrigeration, also index *preservation by CHILLING*.		LanguaL curation note: Used when the product is held at a temperature of 60-150 °C (140-300 °F) for a time sufficient to destroy most pathogenic and food spoilage organisms. When followed by refrigeration, also index *preservation by CHILLING*.										
3	FOODON:03470148		ultra pasteurization (UP) by heat	pasteurization by heating	ultra pasteurization (UP) by heat		When used to describe a dairy product, means that such product shall have been thermally processed at or above 138° C (280° C) for at least 2 seconds, either before or after packaging so as to produce a product that has extended shelf life under refrigerated conditions (21 CFR 131.3 (c)). Used to describe liquid egg products that also have been thermally processed, but at a different temperature than for milk products.  The egg product will have an extended shelf life under refrigerated conditions.												
3	FOODON:03470178		high temperature short time (HTST) pasteurization	pasteurization by heating	high temperature short time (HTST) pasteurization		High Temperature Short Time (HTST) pasteurization is one of the most common methods of pasteurization , which uses metal plates and hot water to raise milk temperatures to at least 72° C (161° F) for not less than 15 seconds, followed by rapid cooling.												
3	FOODON:03470179		higher heat shorter time (HHST) pasteurization	pasteurization by heating	higher heat shorter time (HHST) pasteurization		Higher Heat Shorter Time (HHST) is a process similar to HTST pasteurization, but it uses slightly different equipment and higher temperatures (83 - 127° C) for a shorter time.												
3	FOODON:03470180		ultra high temperature (UHT) pasteurization	pasteurization by heating	ultra high temperature (UHT) pasteurization		Typically involves heating milk or cream to 135° to 150° C (275° to 302° F) for 1 or 2 seconds. The milk is then packaged in sterile, hermetically-sealed (airtight) containers (aspetic filling) and can be stored without refrigeration for up to 90 days. After opening, spoilage times for UHT products are similar to those of conventionally pasteurized products.												
3	FOODON:03470181		filling conditions for pasteurization	pasteurization by heating	filling conditions for pasteurization		A pasteurization by heating process in which containers are pasteurized in preparation for a filling process.		LanguaL curation note: This term is for CLASSIFICATION ONLY; DO NOT USE term in indexing. Use a more precise narrower term.										
3	FOODON:03470158		pasteurization by heat after filling	filling conditions for pasteurization	pasteurization by heat after filling		Pasteurization by heat after food material has been sealed in a container.												
3	FOODON:03470159		pasteurization by heat before filling	filling conditions for pasteurization	pasteurization by heat before filling		Pasteurization by heat before food material has been sealed in a container.												
3	FOODON:03470182		low-temperature-long-time (LTLT) pasteurization	pasteurization by heating	low-temperature-long-time (LTLT) pasteurization		A pasteurization by heating process which uses low heat for a longer time to kill pathogenic bacteria.		An example of LTLT is when milk is pasteurized at 63° C (145° F) for 30 minutes.										
																			
3	FOODON:03460298		clotting enzyme addition	enzymatic modification	clotting enzyme addition		LanguaL curation note: Used when a clotting enzyme is added to a food product at any level.		LanguaL curation note: Used when a clotting enzyme is added to a food product at any level.										
3	FOODON:03460326		bacterial food-curing process	lactic acid-other agent fermentation	bacterial food-curing process														
3	FOODON:03460327		food surface bacterial curing	bacterial food-curing process	food surface bacterial curing														
3	FOODON:03460328		food interior bacterial curing	bacterial food-curing process	food interior bacterial curing														
3	FOODON:03460329		mold food-curing	lactic acid-other agent fermentation	mold food-curing														
3	FOODON:03460330		food surface mold curing	mold food-curing	food surface mold curing														
3	FOODON:03460331		food interior mold curing	mold food-curing	food interior mold curing														
																			
3	FOODON:00001304		food fermentation	food microorganism control|microbial/enzymatic modification	food fermentation		A fermentation process in which either carbohydrates, proteins or fats are modified through microbial, enzymatic and/or other biological processes.										https://orcid.org/0000-0002-8844-9165		
2	FOODON:00001258		food (fermented)	food material by process	food (fermented)		Food material which has been fermented.												
1	FOODON:03000506	NTR	fermented	food characteristic	fermented	fermented	A characteristic of food material which indicates that it has undergone fermentation.												
3	FOODON:03460256		carbohydrate fermentation	single component food fermentation	carbohydrate fermentation														
3	FOODON:03460300		acetic acid fermentation	carbohydrate fermentation	acetic acid fermentation														
3	FOODON:03460101		lactic acid fermentation	carbohydrate fermentation	lactic acid fermentation		A food fermentation process in which lactic acid bacteria (LAB) convert carbohydrates into energy and lactic acid.												
3	FOODON:03460123		alcohol-acetic acid fermentation	carbohydrate fermentation	alcohol-acetic acid fermentation														
3	FOODON:03460232		alcohol fermentation	carbohydrate fermentation	alcohol fermentation														
3			normal alcohol fermentation	alcohol fermentation	normal alcohol fermentation		Conventional alcoholic fermentation involves crushing the grapes to free the juice and pulp from the skin with yeast serving to convert sugar into ethanol.												
3			double alcohol fermentation	alcohol fermentation	double alcohol fermentation														
3			primary alcohol fermentation	alcohol fermentation	primary alcohol fermentation														
3			wine secondary alcohol fermentation	wine alcohol fermentation	wine secondary alcohol fermentation		The secondary stage of a wine alcohol fermentation and aging process, which takes three to six months, in which the fermentation continues very slowly. The wine is kept under an airlock to protect the wine from oxidation.	https://en.wikipedia.org/wiki/Winemaking#Secondary_(malolactic)_fermentation_and_bulk_aging											
3			interrupted wine alcohol fermentation	wine secondary alcohol fermentation	interrupted wine alcohol fermentation														
3			interrupted alcohol fermentation by fortification	interrupted wine alcohol fermentation	interrupted alcohol fermentation by fortification														
3			interrupted alcohol fermentation by sulphur addition	interrupted wine alcohol fermentation	interrupted alcohol fermentation by sulphur addition														
3			interrupted alcohol fermentation by filtering	interrupted wine alcohol fermentation	interrupted alcohol fermentation by filtering														
3	FOODON:03460230		single component food fermentation	food fermentation	single component food fermentation		A food fermentation process in which significant amounts of one category of component - either carbohydrates, proteins or fats - is modified through microbial processes.		LanguaL curation note: Used for products in which either carbohydrates, proteins or fats were modified through microbial processes. Enzymatic or other biological processes may also be involved. If two or more of these components are modified in significant amounts, index under *FERMENTED/MODIFIED, MULTIPLE COMPONENT*.										
3	FOODON:03460128		multi-component food fermentation	food fermentation	multi-component food fermentation		A food fermentation process in which significant amounts of two or more components (i.e. carbohydrate and protein, carbohydrate and fat, protein and fat, or all three) are modified through microbial processes.		Enzymatic or other biological processes may also be involved.										
3	FOODON:03460102		proteolytic fermentation	food fermentation	proteolytic fermentation		A food fermentation process in which proteolytic bacteria participate in fermentation by generating protease enzymes which break down protiens in food material.												
3	FOODON:03460127		lipolytic fermentation	food fermentation	lipolytic fermentation		A food fermentation process in which microorganisms secrete lipases to break down lipids into glycerol and free fatty acids.												
3	FOODON:03460107		lactic acid-other agent fermentation	food fermentation	lactic acid-other agent fermentation		A food fermentation process in which carbohydrates are converted into energy and lactic acid by microbials other than lactic acid bacteria.												
3	FOODON:03460246		carbonation by fermentation	food fermentation|carbonation	carbonation by fermentation		A food fermentation process involving production of carbon dioxide which remains noticeable in the food material.												
																			
3	FOODON:03460103		component substitution	material processing	component substitution		A material processing in which a component of a material is removed and replaced by another material.		LanguaL curation note: Use the appropriate narrower term for a food product that was prepared from a natural food product by removing an endogeneous component and adding a component of the same class. Index the specific component added under *INGREDIENT ADDED*, regardless of its level.										
3	FOODON:03460208		fat substitution	component substitution|component reduction	fat substitution		A component substition process in which endogenous fat is removed and fat from a different source is added.			fat substitution in egg substitute in which edogenous egg fat is replaced by vegetable oil.									
3	FOODON:03460250		protein substitution	component substitution	protein substitution														
																			
				Parent term	FoodOn Term	MIFC	Definition												
3	FOODON:03000507	NTR	material energy modulation	material state modulation	material energy modulation		Material processing which involves a change in energy applied to or inherent in a material.	https://en.wikipedia.org/wiki/Energy											
3	FOODON:03000508	NTR	thermal energy modulation	material energy modulation	thermal energy modulation		An energy modulation in which thermal energy (heat) is added to or removed from a material or its environment.												
2	FOODON:03000509	NTR	material (thermally processed)	material entity	material (thermally processed)		A material which has been subject to thermal energy modulation.												
1	FOODON:03000510	NTR	thermally treated	physical object quality	thermally treated		A characteristic of a material that has undergone a thermal energy modulation process.												
																			
3	FOODON:03000511	NTR	temperature control	thermal energy modulation	temperature control		A thermal energy modulation in which a material or environment is artificially controlled to ensure its temperature falls within a specified range.	https://en.wikipedia.org/wiki/Temperature_control	syn temperature regulation										
1	PATO:0000146		temperature	physical object quality	temperature		A physical quality of the thermal energy of a system.												
1			core temperature	temperature	core temperature		A temperature of the bearer’s core region.												
1			surface temperature	temperature	surface temperature		A temperature of the bearer’s outer layer.												
1	FOODON:00004729		ambient temperature	temperature	ambient temperature		A temperature which refers to the average kinetic energy of molecules in the air surrounding an object or within a particular area.	https://en.wikipedia.org/wiki/Room_temperature								https://www.gmp-compliance.org/gmp-news/ambient-room-temperature-cold-what-is-what|http://purl.obolibrary.org/obo/XCO_0000058		https://www.gmp-compliance.org/gmp-news/ambient-room-temperature-cold-what-is-what|http://purl.obolibrary.org/obo/XCO_0000058	
				Parent term	FoodOn Term	MIFC	Definition												
2	FOODON:03000512	NTR	uncontrolled environment	material entity	uncontrolled environment		An environment which is not temperature or humidity controlled.												
1	FOODON:03000513	NTR	uncontrolled temperature	temperature	uncontrolled temperature	uncontrolled	A temperature characteristic of a material which is not subjected to a temperature control process.												
2	FOODON:03000514	NTR	controlled environment	material entity	controlled environment		An environment which is temperature and humidity controlled.		"syn . regulated environment Using the word ""controlled"" here rather than ""regulated"" since regulated may imply not just mechanical but regulatory control."										
1	FOODON:03000515	NTR	controlled temperature	temperature	controlled temperature		A temperature characteristic of a bearer which is the output of a temperature regulation process.		syn. controlled temperature										
1	FOODON:03000516	NTR	foodsafe freezing temperature	temperature	foodsafe freezing temperature		A freezing temperature (of a bearer) which meets safe food storage standards.												
1	FOODON:03000517	NTR	water freezing temperature	temperature	water freezing temperature		A temperature which is of water when it transitions from liquid to solid phase at 1 atm of pressure. 		The measurement context of 1 atmosphere of pressure roughly equates to pressure on Earth at sea-level.										
1	FOODON:03000518	NTR	chilling temperature	temperature	chilling temperature		A temperature which indicates that the bearer is below a cool temperature but above a freezing temperature 									https://www.gmp-compliance.org/gmp-news/ambient-room-temperature-cold-what-is-what			
1	FOODON:03000519	NTR	foodsafe chilling temperature	chilling temperature	foodsafe chilling temperature		A chilling temperature (of a bearer) which meets safe food storage standards.		The bearer can be a food item or a refrigerator / cooler.										
1	FOODON:03000520	NTR	cold temperature	temperature	cold temperature		A temperature which indicates that the bearer is below a cool temperature.		"This covers common language use of ""cold"" which includes sub-zero temperature."										
1	FOODON:03000521	NTR	cool temperature	temperature	cool temperature		A temperature which indicates that the bearer is below room temperature but above a cold temperature.		"The range of ""cool"" vs. ""cold"" temperatures is fuzzy."										
1	FOODON:00005451		room temperature	temperature	room temperature	ambient	A temperature which encompasses the range of air temperatures most people find comfortable indoors while dressed in typical clothing.	https://en.wikipedia.org/wiki/Room_temperature								https://www.gmp-compliance.org/gmp-news/ambient-room-temperature-cold-what-is-what			
1	FOODON:03000522	NTR	ISO 1 standard temperature	room temperature	ISO 1 standard temperature		A reference temperature of 20 Degrees celcius which enables standardized comparison of material characteristics.	https://en.wikipedia.org/wiki/ISO_1											
1	FOODON:03000523	NTR	neutral temperature	temperature	neutral temperature		A temperature relative to a material entity at which it maintains its physical or chemical constitution over time, all other things considered.		"Fresh food material doesn't really have a neutral temperature since the conditions for being ""fresh"" are also the conditions for eventual decay.  A frozen material may have a neutral temperature range within which it won't change its composition appreciably."										
1	FOODON:03000524	NTR	warm temperature	temperature	warm temperature		A temperature (of a bearer) which is greater than room temperature and less than a hot temperature.												
1	FOODON:03000525	NTR	hot temperature	temperature	hot temperature		A temperature (of a bearer) which is greater than warm temperature.		This may be subjectively relative to a material - hot oil vs hot water										
1	FOODON:03000526	NTR	skin burning temperature	temperature	skin burning temperature		A temperature of a bearer which is capable of inflicting pain or injury to epithelial tissue due to thermal exposure by conduction or infrared radiation.		This pertains to cooking implements that may pose a burn risk.										
1	FOODON:03000527	NTR	scalding temperature	skin burning temperature	scalding temperature		A skin burning temperature of a bearer which indicates the bearer is a liquid.												
1	FOODON:03000528	NTR	boiling point	temperature	boiling point		A temperature characteristic of a liquid at which the vapour pressure of the liquid equals the pressure surrounding the liquid and the liquid changes into a vapour.	https://en.wikipedia.org/wiki/Boiling_point	The boiling point of a liquid varies depending upon the surrounding environmental pressure.[https://en.wikipedia.org/wiki/Boiling_point]										
1	FOODON:03000529	NTR	water boiling point	boiling point	water boiling point		A boiling point characteristic of water												
																			
				Parent term	FoodOn Term	MIFC	Definition												
3	FOODON:03000530	NTR	material cooling	thermal energy modulation	material cooling		A thermal energy modulation in which heat is removed from a material or (indirectly) its environment.												
3	FOODON:03000531	NTR	cooling material to a threshold	material cooling	cooling material to a threshold		A material cooling process which commenses when a material is placed into an environment which has a cooler temperature.		"This definition is engineered to fit both refrigeration and ""icewater soaking"" or other food preparation processes."										
3	FOODON:03470131		material chilling	cooling material to a threshold	material chilling		A cooling material to a threshold process which is at or above the freezing point of water, and less than a cool (~7°C) temperature.		The temperature range for cooling varies between 30°F and 45°F (-1°C and 7°C), depending on jurisdiction.										
2	FOODON:00002642		food (chilled)	food material by characteristic	food (chilled)		Food material which is the output of a cooling material to a threshold process.												
2	FOODON:03000532	NTR	food (foodsafe chilled)	food (chilled)	food (foodsafe chilled)		Chilled food which is within a recommended foodsafe chilling temperature.												
1	FOODON:00004725		chilled	physical object quality	chilled	☑	A chilling temperature characteristic of material indicating that it bears this temperature by having undergone a cooling material to a threshold process.												
1	FOODON:00004726		chilled fresh	chilled	chilled fresh		A chilled temperature of material which also holds a fresh characteristic.		This doesn't necessarily imply that a food product is foodsafe chilled.		'has characteristic' some 'fresh' and 'has characteristic' some 'chilled'								
1	FOODON:00004730		foodsafe chilled	chilled	foodsafe chilled	☑	A characteristic of chilled food material that has a temperature which meets safe food storage standards.												
3	FOODON:03470142		refrigeration	cooling material to a threshold|food preservation	refrigeration		A cooling material to a threshold process which is carried out during short or long-term food storage.				('material chilling' or 'material freezing')								
3	FOODON:03470172		refrigeration with a refrigerating agent	refrigeration	refrigeration with a refrigerating agent		A process of refrigeration involving a refrigerating agent.		Refrigeration can be as complex as with compressors and gas, or as simple as with ice in a container.								https://orcid.org/0000-0002-8844-9165		
2	FOODON:03000533	NTR	food (refrigerated)	food material by process	food (refrigerated)		Food material which has undergone refrigeration.		This class doesn't commit to whether or not refrigerated food has been kept at a food safe temperature standard. Also, this term covers both cooked, reheated and uncooked (possibly fresh) food.										
1	FOODON:03000534	NTR	refrigerated	food characteristic	refrigerated	☑	A characteristic of food material which has undergone refrigeration and/or is within a refrigerator.		One can say that food material is refrigerated, but this does not commit to the degree to which such material has become chilled or frozen.										
3	FOODON:03470136		material freezing	cooling material to a threshold|food preservation	material freezing		A cooling material to a threshold which transition its phase from a liquid or gas into a solid.		We commonly associate water with freezing, but dry ice is an example of gaseous carbon dioxide cooling under pressure and turning directly into solid carbon dioxide blocks. [https://en.wikipedia.org/wiki/Dry_ice]										
2	FOODON:03302148		food (frozen)	food material by characteristic	food (frozen)		Food material which has undergone freezing.		Includes both meat, fish, and kinds of fruit and vegetable that freeze well.										
1	PATO:0001985		frozen	temperature	frozen	☑	A quality inhering in a bearer by virtue of the bearer's being kept below its freezing point.												
2	FOODON:00004731		food (fresh frozen)	food (frozen)	food (fresh frozen)		Food which has a fresh frozen characteristic.												
1	FOODON:00004469		fresh frozen	frozen	fresh frozen		A frozen characteristic which indicates the bearer (organism material) had a fresh or blanched state immediately before being frozen.	https://www.ecfr.gov/current/title-21/chapter-I/subchapter-B/part-101/subpart-F/section-101.95	syn “frozen fresh.” 										
1	FOODON:03000535	NTR	frozen after cooking	frozen	frozen after cooking		A characteristic of food material which was cooked and then frozen.												
3	FOODON:03000536	NTR	food natural freezing	material freezing	food natural freezing		A material freezing process in which ambient natural environment sub-zero temperatures are used to freeze food material.	https://en.wikipedia.org/wiki/Frozen_food											
3	FOODON:03470128		slow freezing	material freezing	slow freezing		A freezing process which involves a controlled ambient air temperature of around -18 degrees Celcius.		A recommendation for conventional freezing is to set a food freezer at -18 Celsius in order to pull heat out of added materials in a timely fashion.										
3	FOODON:03000537	NTR	quiescent freezing	slow freezing	quiescent freezing		A slow freezing process where liquid confections, such as popsicles or ice pops, are frozen without stirring or agitation. This technique creates a solid, dense block of ice with no air incorporated.	https://recipes.howstuffworks.com/question499.htm											
1	FOODON:03000538	NTR	quiescently frozen	frozen	quiescently frozen		A frozen characteristic of a liquid which is the result of a quiescent freezing process.	https://recipes.howstuffworks.com/question499.htm											
3	FOODON:03470132		quick freezing	material freezing	quick freezing		A freezing process which happens much more quickly than slow (conventional) freezing,	https://en.wikipedia.org/wiki/Frozen_food	"syn ""fast freezing"""	Lobster quick frozen in liquid nitrogen.									
3	FOODON:03470171		cryogenic freezing	quick freezing	cryogenic freezing		Frozen very rapidly by means of refrigerating agents such as liquid nitrogen or carbon dioxide.	https://en.wikipedia.org/wiki/Flash_freezing	This process involves being frozen by a refrigerating agent.	Lobster frozen in liquid nitrogen.									
1	FOODON:00004728		flash frozen	frozen	flash frozen		A frozen characteristic which indicates the bearer is an output of a flash freezing process.												
3	FOODON:03000539	NTR	deep freezing????	quick freezing	deep freezing????		Check TransformON hierarchy???												
3	FOODON:03000540	NTR	flash freezing	quick freezing	flash freezing		Distinguish from quick freezing?		Does this specifcally imply liquid nitrogen?										
3	FOODON:03000541	NTR	air-blast freezing	quick freezing	air-blast freezing		A quick freezing process which accomplishes cooling by high-velocity air circulation.	https://en.wikipedia.org/wiki/Frozen_food											
																			
3	FOODON:03000542	NTR	heating material	thermal energy modulation	heating material		An energy modulation in which thermal energy (heat) is applied to a material or its environment.		syn. heat treatment										
1	FOODON:03440022		heat-treated	physical object quality	heat-treated	☑	A characteristic of food material which indicates that it has undergone a heating cycle at least once.		syn. heated										
2	FOODON:03316043		food (heat-treated)	food material by characteristic	food (heat-treated)		Food material which has undergone heating.												
1	FOODON:03440014		fully heat-treated	heat-treated	fully heat-treated	☑	A characteristic of food material which indicates that it has been heat-treated throughout, leaving no part raw.												
2	FOODON:03000543	NTR	food (fully heat-treated)	food (heat-treated)	food (fully heat-treated)		Food material which has completely undergone heating.												
1	FOODON:03440018		partially heat-treated	heat-treated	partially heat-treated	☑	A characteristic of food material which indicates that part of its material has undergone heating.												
2	FOODON:03000544	NTR	food (partially heat-treated)	food (heat-treated)	food (partially heat-treated)		Food material which has partially undergone heating.												
																			
																			
1	FOODON:03000545	NTR	unheated	physical object quality	unheated	☑	A characteristic of food material which indicates that it has not undergone heating.												
2	FOODON:03000546	NTR	food (unheated)	food material by characteristic	food (unheated)		Food material which has not undergone heating.												
3	FOODON:03000547	NTR	heating material to a threshold	heating material	heating material to a threshold		A heating material process with the objective of raising the temperature of a material to some upper limit.												
3	FOODON:03460241		thawing	heating material to a threshold	thawing		A heating material to a threshold from a frozen state to a temperature above 0 degrees Celsius.		LanguaL curation note: Used when the product or any indexed ingredient was frozen and then thawed. Excludes freeze-dried products and freeze-flo products.										
1	FOODON:00004727		thawed	physical object quality	thawed		A physical object quality indicating that its bearer is above a frozen temperature and that it was previously frozen.		This term doesn’t commit to exactly how cool or warm a material might be.										
2	FOODON:00004501		food (thawed)	thawed	food (thawed)		A food material which has been thawed.												
1	FOODON:00005179		thawed (from frozen raw)	thawed	thawed (from frozen raw)		A thawed characteristic of organism material indicating that it was raw just before being frozen and then thawed.												
3	FOODON:00005709		food heating	heating material to a threshold	food heating		A food treatment in which thermal energy (heat) is applied to a food material until an objective range of temperature or process time is achieved.												
3	FOODON:03000548	NTR	food cooking	food material processing	food cooking		The application of one or more thermal or acidification processes that change the chemical structure of food material such that it is no longer in a raw state.												
3	FOODON:03000549	NTR	cooking by acidification	food cooking	cooking by acidification		A food cooking process in which food material undergoes acidification.												
3	FOODON:03450002		food cooking by heating	food heating|food cooking	food cooking by heating		A food cooking process in which food material undergoes heating.												
2	FOODON:00001181		food (cooked)	food material by process	food (cooked)		A food material which has undergone a cooking process. 												
1	FOODON:03000550	NTR	cooked	food characteristic	cooked	☑	A characteristic of food material which indicates that it has undergone cooking.												
1	FOODON:03000551	NTR	cooked by heating	cooked	cooked by heating		A cooked characteristic of a material which indicates that it has undergone cooking by heating. 												
2	FOODON:00002971		food (precooked)	food material by characteristic	food (precooked)		Food material which has been prepared and cooked in advance so that it only needs to be heated quickly (if at all) before consumption.												
1	FOODON:03000552	NTR	precooked	cooked by heating	precooked	☑	A characteristic of food material which has been prepared and cooked in advance so that it only needs to be heated quickly (if at all) before consumption.												
1	FOODON:03000553	NTR	uncooked	food characteristic	uncooked	☑	A characteristic of food material which indicates that it has not been subjected to cooking.		Uncooked is similar to raw but doesn’t preclude frozen.										
																			
3	FOODON:03450004		cooking by dry heat	food cooking by heating	cooking by dry heat		Cooked at moderate to high levels of heat in which no liquid is added and only small amounts of fat may be added to prevent sticking.												
1	FOODON:03000554	NTR	dry heat cooked	food characteristic	dry heat cooked	☑	A characteristic of food material which indicates that it has undergone dry heat cooking.												
1	FOODON:03000555	NTR	food (dry heat cooked)	food material by characteristic	food (dry heat cooked)		A food material which has undergone a dry heat cooking process. 												
3	FOODON:03450005		food baking	cooking by dry heat	food baking		Cooked without moisture, covered or uncovered, in an oven.										https://orcid.org/0000-0002-8844-9165		
2	FOODON:03311631		baked good	bakery food product	baked good		Food material which has undergone baking.		How to distinguish from food (baked)?										
1	FOODON:03000556	NTR	baked	dry heat cooked	baked	☑	A characteristic of food material which indicates that it has undergone a baking process.												
2	FOODON:00002456		food (baked)	food (dry heat cooked)	food (baked)		Food material which is baked.												
3	FOODON:03450046		blind baking	food baking	blind baking		A food baking process in which a pie crust or other pastry is baked without a filling.	https://en.wikipedia.org/wiki/Blind-baking	LanguaL curation note: Use when a pie crust or other pastry is baked without the filling.							https://www.seriouseats.com/how-to-blind-bake-a-pie-crust			
2	FOODON:03306773		pie crust	bakery food product	pie crust		A thin shell made of pastry dough shaped in the form of a pie plate.												
2	FOODON:03000557	NTR	pie crust (raw)	pie crust	pie crust (raw)		A pie crust which has not been baked.												
2	FOODON:03000558	NTR	pie crust (baked)	pie crust|baked good	pie crust (baked)		A pie crust which has been baked.		"syn ""blind-baked crust"", the output of blind baking"										
3	FOODON:03450006		broiling or grilling	cooking by dry heat	broiling or grilling		Cooked without moisture under or over intense direct heat.												
3	FOODON:03000559	NTR	broiling	cooking by dry heat	broiling		A cooking by dry heat process in which heat is primarily delivered from above the food material.												
1	FOODON:03000560	NTR	broiled	dry heat cooked	broiled	☑	A characteristic of food material which indicates that it has undergone a broiling process.												
2	FOODON:03000561	NTR	food (broiled)	food (dry heat cooked)	food (broiled)		Food material which has been broiled.												
3	FOODON:03450007		charcoal broiling	broiling or grilling	charcoal broiling		Cooked without moisture over direct heat from a charcoal fire.												
3	FOODON:03000562	NTR	grilling	cooking by dry heat	grilling		A cooking by dry heat process in which heat is primarily delivered from below the food material.												
1	FOODON:03000563	NTR	grilled	dry heat cooked	grilled	☑				food (toasted)									
2	FOODON:03000564	NTR	food (grilled)	food (dry heat cooked)	food (grilled)		Food material which has been grilled.												
3	FOODON:03450008		griddle cooking	cooking by dry heat	griddle cooking		Cooking on a flat surface at medium heat with only a sufficient amount of fat used to prevent sticking.												
3	FOODON:03450009		cooked by popping	cooking by dry heat	cooked by popping		Cooking by agitating the food over a dry, high heat source, resulting in exploding.												
3	FOODON:03450010		food toasting	cooking by dry heat	food toasting		Cooking with direct heat until the surface of the food is browned, usually associated with bread or sandwiches.												
1	FOODON:03000565	NTR	toasted	dry heat cooked	toasted	☑	A characteristic of food material which indicates that it has undergone a toasting process.												
2	FOODON:00002659		food (toasted)	food (dry heat cooked)	food (toasted)		Food material which has undergone toasting.		This includes whole sandwiches rather than just individual pieces of bread.										
2	FOODON:03306255		toast	bread (cut)|food (toasted)	toast		A cut piece of bread which has been toasted.												
3	FOODON:03000566	NTR	roasting	cooking by dry heat	roasting		A cooking by dry heat process in which hot air covers the food, cooking it evenly on all sides from an open flame, oven, or other heat source.	https://en.wikipedia.org/wiki/Roasting	While Wikipedia indicates temperature ranges for roasting, since slow-roasting is a subclass, we avoid temperature conditions here.										
3	FOODON:03450044		rotisserie roasting	roasting	rotisserie roasting		Rotisserie is a style of roasting where meat is skewered on a spit and revolves over a flame or other heat source.		The rotation cooks the meat evenly in its own juices and allows easy access for continuous basting if desired. [Wikipedia]								https://orcid.org/0000-0002-8844-9165		
2	FOODON:00002744		food (roasted)	food (dry heat cooked)	food (roasted)		Food material which has been roasted.												
2	FOODON:03000567	NTR	meat (roasted)	food (roasted)	meat (roasted)		Animal meat which has been roasted.												
1	FOODON:03000568	NTR	roasted	dry heat cooked	roasted	☑	A characteristic of food material which indicates that it has undergone a roasting process.												
3	FOODON:00002404		meat roasting	roasting	meat roasting		A roasting process involving meat material.										https://orcid.org/0000-0002-8844-9165		
3	FOODON:03460391		seed roasting	food baking	seed roasting		A roasting process involving seeds.		LanguaL curation note: Used primarily for processing of seeds, such as coffee, spices, nuts, and cacao beans.										
3	FOODON:03000569	NTR	slow-roasting	roasting	slow-roasting		A roasting process that occurs over an extended period of time, typically at a relatively low temperature.												
1	FOODON:03000570	NTR	slow-roasted	roasted	slow-roasted		A characteristic of roasted food which indicates that it has undergone a slow roasting process.												
2	FOODON:03000571	NTR	food (slow-roasted)	food (roasted)	food (slow-roasted)		Food material which has been slow-roasted.												
3	FOODON:03000572	NTR	spit-roasting	roasting	spit-roasting		 A roasting process in which food is rotated on a spit.												
1	FOODON:03000573	NTR	spit-roasted	roasted	spit-roasted		A characteristic of roasted food which indicates that it has undergone a spit-roasting process.												
2	FOODON:03000574	NTR	food (spit-roasted)	food (roasted)	food (spit-roasted)		Food material which has been spit-roasted.												
3	FOODON:03000575	NTR	oil-roasting	roasting	oil-roasting		A roasting process in which food material is basted in oil.	https://www.nutsforlife.com.au/resource/how-are-nuts-roasted-and-in-what-type-of-oil/											
1	FOODON:03000576	NTR	oil-roasted	roasted	oil-roasted		A characteristic of roasted food which indicates that it has undergone oil-roasting process.												
2	FOODON:03000577	NTR	food (oil-roasted)	food (roasted)	food (oil-roasted)		Food material which has been oil-roasted.												
3	FOODON:03000578	NTR	dry-roasting	roasting	dry-roasting		A roasting process that occurs without the use of added oil or liquid.												
1	FOODON:03000579	NTR	dry-roasted	roasted	dry-roasted		A characteristic of roasted food which indicates that it has undergone a dry-roasting process.												
2	FOODON:03000580	NTR	food (dry-roasted)	food (roasted)	food (dry-roasted)		Food material which has been oil-roasted.												
3	FOODON:03450012		cooking by moist heat	food cooking by heating	cooking by moist heat		Cooking in varying amounts of water, water-based liquid or steam.		LanguaL curation note: If the food absorbs a significant amount of water, also used *REHYDRATED* or *WATER ADDED*.										
3	FOODON:03450011		cooking by microwave	food cooking by heating	cooking by microwave		Cooking in a microwave oven.												
2	FOODON:03000581	NTR	food (microwaved)	food material by characteristic	food (microwaved)		Food material which has undergone cooking by microwave.			food (boiled)									
1	FOODON:03000582	NTR	microwaved (sensu food)	food characteristic	microwaved (sensu food)	☑	A characteristic of food material which has been microwaved.												
																			
3	FOODON:03450013		cooking in water or water-based liquid	cooking by moist heat	cooking in water or water-based liquid		A process of cooking by moist heat which is effected by hot water or water-based liquid in a container.												
3	FOODON:03450014		boiling in container	cooking in water or water-based liquid	boiling in container		A cooking in water or water-based liquid process in which the liquid is boiling.		Water at standard atmospheric pressure (in other words, at sea level) will boil at a temperature of 100 degrees C (212 degrees F).										
3	FOODON:03450015		boiling and then draining	boiling in container	boiling and then draining		A boiling in container process which concludes with draining liquid as a separate output.												
3	FOODON:03450016		boiling in large amount of liquid	boiling in container	boiling in large amount of liquid		A boiling in container process involving a liquid to solid ratio greater than 2:1.												
3	FOODON:03450017		boiling in small amount of liquid	boiling in container	boiling in small amount of liquid		A boiling in container process involving a liquid to solid ratio less than or equal to 2:1.												
3	FOODON:03450018		boiling without draining	boiling in container	boiling without draining		A boiling in container process which concludes with the liquid partly or fully incorporated into the food material being cooked.												
3	FOODON:03450019		braising	cooking in water or water-based liquid	braising		Browned initially in fat or oil and then tightly covered and cooked over low heat in a small amount of water.												
2	FOODON:03000583	NTR	food (braised)	food material by characteristic	food (braised)		Food material which has undergone braising.												
1	FOODON:03000584	NTR	braised	food characteristic	braised	☑	A characteristic of food material which indicates that it has undergone braising.										https://orcid.org/0000-0002-8844-9165		
3	FOODON:03450020		simmering	cooking in water or water-based liquid	simmering		Cooking in a moderate amount of liquid at just below the liquid's boiling point.												
2	FOODON:03000585	NTR	food (simmered)	food material by characteristic	food (simmered)		Food material which has undergone simmering.												
1	FOODON:03000586	NTR	simmered	food characteristic	simmered	☑	A characteristic of food material which indicates that it has undergone simmering.												
3	FOODON:00002648		food scalding	cooking in water or water-based liquid	food scalding		A method of precooking food where a liquid is heated to just below the boiling point.		Often used to retard the spoiling of milk.								https://orcid.org/0000-0002-8844-9165		
3	FOODON:03470150		sous vide cooking	cooking in water or water-based liquid	sous vide cooking		A food cooking method that is intended to maintain the integrity of food material by heating it for an extended period of time in an immersed vacuum sealed plastic pouch at relatively low temperature.	http://en.wikipedia.org/wiki/Sous-vide											
3	FOODON:03450021		cooking in steam	cooking by moist heat	cooking in steam		Cooked in a container containing steam.												
3	FOODON:03450022		steaming with pressure	cooking in steam	steaming with pressure		Cooked in a pressure cooker.												
3	FOODON:03450023		steaming without pressure	cooking in steam	steaming without pressure		Cooked suspended above boiling water.												
2	FOODON:00002657		food (steamed)	food (cooked)	food (steamed)		Food material which has undergone steaming.												
1	FOODON:03000587	NTR	steamed	cooked	steamed	☑	A characteristic of cooked food material which has been steamed.												
																			
3	FOODON:03450024		cooking with fat or oil	food cooking	cooking with fat or oil		A food cooking method that subjects the food to full or partial immersion in hot oil as the medium for heat transfer.												
1	FOODON:03000588	NTR	cooked with fat or oil	cooked	cooked with fat or oil	cooked with oil	A characteristic of food material which indicated that is has undergone cooking with  fat or oil.		Note that fat turns into oil after a certain temperature, so this covers both fat and oil cases.										
2	FOODON:03000589	NTR	food (cooked with fat or oil)	food (cooked)	food (cooked with fat or oil)		Food material that has undergone cooking with a small amount of fat or oil.												
3	FOODON:03450025		cooking with added fat or oil	cooking with fat or oil	cooking with added fat or oil		Cooked by adding fat or oil to those foods that do not contain fat or oil that would render during the cooking process.												
2	FOODON:03000590	NTR	food (cooked with added fat or oil)	food (cooked)	food (cooked with added fat or oil)		Food material that has undergone cooking with added fat or oil.												
1	FOODON:03000591	NTR	cooked with added fat or oil	cooked with fat or oil	cooked with added fat or oil		A characteristic of food material which indicated that is has undergone cooking with oil or fat other than its own.												
3	FOODON:03450026		cooking in small amount of fat or oil	cooking with added fat or oil	cooking in small amount of fat or oil		Cooked with sufficient fat or oil to coat and moisten the food being prepared, but not cooked in enough fat or oil to immerse the food.		Use *griddle cooking* when only enough fat or oil is used to prevent sticking.								http://purl.obolibrary.org/obo/FOODON:03450008		
2	FOODON:03000592	NTR	food (cooked with smalls amounts of fat or oil)	food (cooked with fat or oil)	food (cooked with smalls amounts of fat or oil)		Food material that has undergone cooking with small amounts of added fat or oil.												
1	FOODON:03000593	NTR	cooked with small amounts of added fat or oil	cooked with fat or oil	cooked with small amounts of added fat or oil		A characteristic of food material which indicated that is has undergone cooking with small amounts of oil or fat added.												
3	FOODON:03450027		sautéing	cooking in small amount of fat or oil	sautéing		Cooking in a very small amount of very hot fat, turning and browning the food on all sides.		Not committing to water or oil/fat.  Modern def!  Get sources... https://www.lecreuset.ca/en_CA/glossary/Saut%C3%A9ing.html 					food (sautéed)					
2	FOODON:03000594	NTR	food (sautéed)	food (cooked with smalls amounts of fat or oil)	food (sautéed)		Food material that has undergone sautéing.												
1	FOODON:03000595	NTR	sautéed	cooked with small amounts of added fat or oil	sautéed	☑	A characteristic of food material which indicates that it has undergone sautéing.												
3	FOODON:03450028		stir-frying	cooking in small amount of fat or oil	stir-frying		Cooked by frying foods quickly over high heat, stirring constantly. Only enough cooking oil is used to coat the bottom of the pan.												
2	FOODON:03000596	NTR	food (stir-fried)	food (cooked with smalls amounts of fat or oil)	food (stir-fried)		Food material that has undergone stir-frying.												
1	FOODON:03000597	NTR	stir-fried	cooked with small amounts of added fat or oil	stir-fried	☑	A characteristic of food material which indicates that it has undergone stir-frying.												
3	FOODON:03450029		deep-frying	cooking with added fat or oil	deep-frying		Cooked in hot fat or oil deep enough to immerse the food entirely.							food (deep-fried)					
2	FOODON:03000598	NTR	food (deep-fried)	food (cooked with added fat or oil)	food (deep-fried)		Food material that has undegone deep-frying.												
1	FOODON:03000599	NTR	deep-fried	cooked with added fat or oil	deep-fried	☑	A characteristic of food material which indicates that it has undergone deep frying.												
3	FOODON:03000600	NTR	pan-frying	cooking with added fat or oil	pan-frying		Cooked with small amounts of added oil or fat in a hot pan.												
2	FOODON:03000601	NTR	food (pan fried)	food (cooked with fat or oil)	food (pan fried)		Food material that has undergone pan-frying.												
1	FOODON:03000602	NTR	pan-fried	cooked with fat or oil	pan-fried	☑	A characteristic of food material which indicates that it has undergone pan frying.												
3	FOODON:00002462		shallow frying	cooking in small amount of fat or oil	shallow frying				Needs definition					food (fried)			https://orcid.org/0000-0002-8844-9165		
3	FOODON:03450035		shallow frying (sensu chinese cooking)	cooking with added fat or oil	shallow frying (sensu chinese cooking)		A chinese cooking technique similar to sauteing in which thick slices or chunks of floured or battered ingredients are slow seared over moderate to low heat.	https://openlibrary.org/books/OL4538013M/The_key_to_Chinese_cooking											
3	FOODON:03000603	NTR	partially fried process	cooking with added fat or oil	partially fried process		Cooked in oil or fat for a shorter time than required for complete coooking.												
2	FOODON:03000604	NTR	food (partially fried)	food (cooked with added fat or oil)	food (partially fried)		Food material that has undergone partial frying.												
1	FOODON:03000605	NTR	partially fried	cooked with added fat or oil	partially fried	☑	A characteristic of food material which indicates that it has undergone partial frying.												
3	FOODON:03000606	NTR	refrying	cooking with added fat or oil	refrying		Fried after previously being cooked, often with added ingredients.												
2	FOODON:03000607	NTR	food (refried)	food (cooked with added fat or oil)	food (refried)		Food material that has undergone refrying.												
1	FOODON:03000608	NTR	refried	cooked with added fat or oil	refried	☑	A characteristic of food material which indicates that it has undergone refrying.												
3	FOODON:03000609	NTR	pan-broiled process	cooking in small amount of fat or oil	pan-broiled process		Cooked with a small amount of fat or oil in a pan and subjected to a high heat, resulting in a crispy exterior and a tender interior.												
2	FOODON:03000610	NTR	food (pan broiled)	food (cooked with smalls amounts of fat or oil)	food (pan broiled)		Food material that has undergone pan-broiling.												
1	FOODON:03000611	NTR	pan-broiled	cooked with small amounts of added fat or oil	pan-broiled	☑	A characteristic of food material which indicates that it has undergone pan broiling.												
																			
3	FOODON:03450036		steeping	cooking in water or water-based liquid	steeping		Extracting flavor and other components from food sources by immersion in water, usually at near-boiling temperature.												
3	FOODON:03450043		double steaming	boiling in container	double steaming		A Chinese cooking technique to prepare delicate food such as bird nests, shark fins, etc. The food is covered with water and put in a covered ceramic jar and the jar is then steamed for several hours.	https://en.wikipedia.org/wiki/Double_steaming	This technique ensures there is no loss of liquid or moisture (its essences) from the food being cooked, hence it is often used with expensive ingredients like Chinese herbal medicines. [Wikipedia]										
3	FOODON:03460220		grain parboiling	cooking by moist heat|physical/chemical modification	grain parboiling		Treated with moist heat to soften the grain and to transfer nutrients from the bran to the endosperm.												
3	FOODON:03450045		searing	broiling or grilling	searing		Searing is a technique used in grilling, roasting, braising, sautéing, etc. that cooks the surface of the food at high temperature so that a brownish crust forms by Maillard reaction and denaturation of proteins.		A similar technique, browning, is typically used to sear or brown all sides of a particular piece of meat, fish, poultry, etc. before finishing it in the oven. To obtain the desired brown crust, the meat surface must exceed 300 °F (150 °C), so searing requires the meat surface be free of water, which boils at around 212 °F (100 °C).	Searing is often applied to pan-fried meat, poultry or fish									
3	FOODON:03450047		pressure frying	cooking with added fat or oil	pressure frying		A cooking process with added fat or oil in which food material is brought to high temperatures while pressure is held high enough that the water within a cooking container is prevented from boiling off.		LanguaL curation note: Use when e.g. meat and cooking oil are brought to high temperatures while pressure is held high enough that the water within is prevented from boiling off.										
3	FOODON:03470175		food blanching	food cooking|heat treatment food preservation|physical/chemical modification	food blanching		Blanching is a cooking process wherein a food, usually a vegetable or fruit, is scalded in boiling water, removed after a brief, timed interval, and finally plunged into iced water or placed under cold running water to halt the cooking process.	https://en.wikipedia.org/wiki/Blanching_(cooking)	"LanguaL definition: ""Short time scalding; this can be used to stop emzymatic activity for vegetables being prepared for freezing."""								https://orcid.org/0000-0002-8844-9165		
3	FOODON:03450037		food reheating	food heating	food reheating		A process to bring an already fully cooked product to serving temperature.		LanguaL curation note: Do not use for a process that completes the cooking of a partially cooked food.										
2	FOODON:03000612	NTR	reheated	heat-treated	reheated	☑	A characteristic of food material which indicates that it has undergone heating at least twice.												
1	FOODON:03000613	NTR	food (reheated)	food (heat-treated)	food (reheated)		Food material which has undergone reheating.												
3	FOODON:03450038		food reheating by microwave	food reheating	food reheating by microwave		A food reheating process by application of microwaving												
3	FOODON:03450039		food reheating by dry heat	food reheating	food reheating by dry heat		A food reheating process by application of dry heat												
3	FOODON:03450040		food reheating by boil-in-bag	food reheating	food reheating by boil-in-bag		A food reheating process by application of boiling water.												
3	FOODON:03450041		food reheating in pan or cooking utensil	food reheating	food reheating in pan or cooking utensil		A food reheating process involving use of a container.												
3	FOODON:03450032		heating of container	food cooking	heating of container		A food cooking method in which heat is transferred to the outside of a container.												
3	FOODON:03450033		heating of container in double boiler	heating of container	heating of container in double boiler		Heating a container that is placed in another container filled with boiling water.												
3	FOODON:03450034		heating of container by water bath	heating of container	heating of container by water bath		Heating a container that is placed in another container filled with water kept near the boiling point.												
3	FOODON:03450031		heating of container by immersion in water or steam	heating of container	heating of container by immersion in water or steam		A heating of container where the container is closed, such as a pouch, and is immersed in hot water or steam.												
3	FOODON:00004088		direct heating of container	heating of container	direct heating of container		A heating of container process in which the container conducts heat by being in proximity to an open flame, a hot surface or an oven.		The challenge here is to make a clean distinction between methods that immerse a cooking container in water or steam vs those that don't.										
3	FOODON:00004089		heating liquid in container	heating of container	heating liquid in container		A heating of container process in which the temperature of contained liquid is raised to a threshold.												
																			
				Parent term	FoodOn Term	MIFC	Definition												
3	FOODON:03000614	NTR	drying	material component separation	drying		A material component separation process in which water or another solvent is removed from a material.	https://en.wikipedia.org/wiki/Drying		"- Ethyl acetate decaffeination - the solvent being removed is ethyl acetate, not water. Describing this step as “drying” is consistent with chemical usage, even though a food‑centric reader might implicitly associate drying with water removal. ""decaffeinated"" is the adjective - Citrus peel extraction using isopropyl alcohol - isopropyl alcohol is used as the extraction solvent, The alcohol is later evaporated from the extract. - Using rotatory vacuum driers or rotatory vacuum driers for non-water applications - dealcoholizing wine. ""dealcoholized"" adjective."							https://orcid.org/0000-0002-9578-0788		
3	FOODON:03470116		drying (water reduction)	drying	drying (water reduction)		A drying process in which water is removed from a material.	https://en.wikipedia.org/wiki/Drying	LanguaL curation note: Used when the water activity has been lowered enough to achieve preservation. Also index *WATER REMOVED* in *H. TREATMENT APPLIED*.								https://orcid.org/0000-0002-9578-0788		
2	FOODON:03307539		food (dried)	food material by process	food (dried)		Non-liquid food material which has undergone a water reduction drying process.		Whereas dehydration may bring the moisture content of a material down to around 2.5% or less, a natural drying process is highly dependent on humidity, ambient temperature, and the nature of materials themselves, leading various kinds of food material to have a moisture content ranging from 5% to 30% [https://en.wikipedia.org/wiki/Equilibrium_moisture_content]							https://www.fao.org/4/t1838e/t1838e0u.htm|https://www.sciencedirect.com/topics/food-science/dried-food			
1	FOODON:00004723		dried	physical object quality	dried	☑	A physical object quality of material that has undergone a drying process.			Dried green coffee|Dried beans.									
2	FOODON:00005139		food (dried raw)	food (dried)	food (dried raw)		Dried food which was dried when in a raw state.												
1	FOODON:00004724		dried raw	dried	dried raw		A dried characteristic of organism material which was raw when subjected to a drying process.												
1	PATO:0001824		dry		dry		A wetness quality inhering in a bearer by virtue of the bearer's not being covered by a liquid.												
1	PATO:0001822		wet		wet		A quality inhering in a bearer by virtue of whether the bearer's being covered by a liquid.												
1	FOODON:03000615	NTR	moist	physical object quality	moist		A physical object quality of permiable material which indicates its liquid component(s) are sufficiently present to be sensed.		DD: Does this definition hold well?										
1	FOODON:03000616	NTR	hydrated	moist	hydrated		A moist characteristic involving water as the source of moisture.												
3	FOODON:03000617	NTR	dehydration	drying (water reduction)	dehydration		A drying process in which water content of a material in a container is significantly reduced under controlled (not natural) conditions of temperature, relative humidity, and airflow. 		"As indicated in the food ""(dehydrated)"" term, the boundary between the output of this process, dried or dehydrated material, can be ambiguous."							https://www.researchgate.net/publication/288185375_Dehydration_of_Fruit_and_Vegetables_in_Tropical_Regions|https://ebooks.inflibnet.ac.in/ftp1/chapter/food-drying-dehydration/			
3	FOODON:03000618	NTR	dehydration with reaction	dehydration	dehydration with reaction		Dehydration in which chemically bound water is removed using dehydrating agents.	https://en.wikipedia.org/wiki/Dehydration_reaction											
2	FOODON:00002643		food (dehydrated)	food material by process	food (dehydrated)		Food material which has been dehydrated.		Dehydrated foods are those with no more than 2.5% water (dry basis), while the term dried foods applies to any food product with more than 2.5% water (dry basis). [https://ebooks.inflibnet.ac.in/ftp1/chapter/food-drying-dehydration/]										
1	FOODON:03000619	NTR	dehydrated	dried	dehydrated		A dried characteristic indicating that a material has undergone a dehydration process.												
3	FOODON:03460259		rehydration	water addition	rehydration		The addition of liquid to a material to restore a palatable concentration of liquid inside the material.		LanguaL curation note: Used for a product that is prepared by adding water or a water-based liquid (milk, juice, broth) to a dehydrated or concentrated product or to a product that contains an indexed dehydrated ingredient plus water to rehydrate that ingredient. Examples:  juice or juice drink from concentrate; milk reconstituted from dry or concentrated milk; soaked dried beans or stewed fruit; biscuit dough (prepared by rehydrating flour); soup made from dehydrated ingredients; cooked noodles or boiled rice. If the resulting product contains water beyond its natural water level, also index *WATER ADDED*.										
2	FOODON:00002755		food (rehydrated)	food material by characteristic	food (rehydrated)		Food material which has undergone rehydration.												
1	FOODON:03000716	NTR	rehydrated	food characteristic	rehydrated		A characteristic of food material which has undergone rehydration.												
																			
3	FOODON:03470117		heat drying process	drying	heat drying process		Drying of material by application of thermal energy.												
3	FOODON:03470141		natural heat drying	heat drying process	natural heat drying		Drying by exposure to the sun and/or ambient air.		"LanguaL note: ""Includes field-dried products such as grains and dry beans. These products are included also if they have been artificially dried to return them to normal dry state, e.g. grain that has been artificially dried after harvest."""										
1	FOODON:03000620	NTR	naturally dried	dried	naturally dried	☑	A characteristic of dried material which indicates that it has undergone natural heat drying.												
3	FOODON:03470170		sun drying	natural heat drying	sun drying		Drying by exposure to the sun. 		This implies that material is also subjected to ambient air during the drying process.										
1	FOODON:03000621	NTR	sun-dried	naturally dried	sun-dried	☑	A characteristic of dried material which indicates that it has undergone sun drying.		This implies that material is also subjected to ambient air during the drying process.	sun-dried tomatoes									
3	FOODON:03000622	NTR	air drying	natural heat drying	air drying		Drying by exposure to ambient air. 		This implies that material is not subjected to direct sunlight during the drying process.										
1	FOODON:03000623	NTR	air-dried	naturally dried	air-dried	☑	A characteristic of dried material which indicates that it has undergone ambient air drying.		This also indicates that material was not subjected to direct sunlight.										
3	FOODON:03470144		artificial heat drying	heat drying process	artificial heat drying		Drying by the application of artificial heat.												
1	FOODON:03000624	NTR	artificially-dried	dried	artificially-dried	☑	A characteristic of dried material which indicates that it has undergone artificial drying.												
3	FOODON:03470130		freeze-drying	dehydration	freeze-drying		Dehydration of food material by freezing it within a vacuum to remove moisture via sublimation, which turns ice directly into vapor.	https://en.wikipedia.org/wiki/Freeze_drying	"LanguaL note: ""Usually the product is not stored frozen."" synonyms: lyophilization or cryodesiccation"										
2	FOODON:03301752		food (freeze-dried)	food (dried)	food (freeze-dried)		Dried food which has been freeze-dried.												
1	FOODON:03000625	NTR	freeze-dried	artificially-dried	freeze-dried	☑	A characteristic of dried material which indicates that it has undergone freeze-drying.												
3	FOODON:03470133		spray-drying	artificial heat drying	spray-drying		An artificial heat drying process which outputs a dry powder from an input liquid or slurry by rapidly drying with a hot gas.	https://en.wikipedia.org/wiki/Spray_drying	LanguaL curation note: Used when liquids and low-viscosity pastes or purees are dried by atomisation. Example: milk.										
3	FOODON:03470143		artificial drying under normal pressure	artificial heat drying	artificial drying under normal pressure														
3	FOODON:03470140		drum-drying	artificial drying under normal pressure	drum-drying														
3	FOODON:03470134		shelf-drying under normal pressure	artificial drying under normal pressure	shelf-drying under normal pressure				LanguaL curation note: Used when water is removed from products placed in trays on shelves under atmospheric pressure. Example: vegetables, fruits.										
3	FOODON:03470166		drying by infrared heat radiation	artificial drying under normal pressure	drying by infrared heat radiation				LanguaL curation note: Used when susceptible materials are dried by electromagnetic radiation with wave-lengths between 0.76um and 1 mm.										
3	FOODON:03470112		drying under reduced pressure	artificial heat drying	drying under reduced pressure				LanguaL curation note: Used when the pressure is reduced to increase the efficiency of water removal.										
3	FOODON:03470168		artificial drying under increased pressure	artificial heat drying	artificial drying under increased pressure				LanguaL curation note: Used when a product is dehydrated under pressure. Example: vegetable or fruit juices, milk.										
3	FOODON:03470163		drying by radiation	drying	drying by radiation				LanguaL curation note: Used when the water activity is lowered enough by high frequency heating in order to achieve preservation.										
3	FOODON:03470165		drying by microwave radiation	drying by radiation	drying by microwave radiation				LanguaL curation note: Used when the water activity is lowered enough by microwave radiation in order to achieve preservation. Also index *WATER REMOVED* in facet H - Treatment applied. Example: tea.										
3	FOODON:00002419		evaporation	drying	evaporation		A drying process involving evaporation of liquid.										https://orcid.org/0000-0002-8844-9165		
3	FOODON:03470124		osmotic dehydration	dehydration	osmotic dehydration		A dehydration process involving osmosis.												
3	FOODON:03470169		concentration by reverse osmosis	drying under reduced pressure	concentration by reverse osmosis				LanguaL curation note: Used when the water content of a product is reduced by reverse osmosis. Typically used for concentrating fluids, e.g. milk, fruit juices.										
1	PATO:0000033		concentration of		concentration of		A quality inhering in a substance by virtue of the amount of the bearer's there is mixed with another substance.		Problematic definition where both substances are “part of” bearer.										
1	PATO:0001842		acidity		acidity		A concentration quality inhering in a bearer by virtue of the bearer's containing acid (hydrogen ions).												
																			
																			
3	FOODON:03000626	NTR	material movement	'completely executed planned process'	material movement		The movement of material from one location to another.		Moving material may be as local as getting an apple from a refrigerator, or as far as flying lobsters by airplane.										
																			
3	FOODON:03000627	NTR	material containment	material processing	material containment														
3	FOODON:00004078		adding material to container	food material combination	adding material to container														
3	FOODON:00004079		adding liquid to container	adding material to container	adding liquid to container														
3	FOODON:00004080		adding solid to container	adding material to container	adding solid to container														
3	FOODON:00002740		food packaging process	food material processing	food packaging process		A process that applies packaging material to a food product for preservation, shipping and/or presentation purposes.							food (packaged)			https://orcid.org/0000-0002-8844-9165		
3	FOODON:00002416		canning	food packaging process	canning		TBD							food (canned)			https://orcid.org/0000-0002-8844-9165		
3	FOODON:03000628	NTR	food preservation canning	canning	food preservation canning		TBD												
1	FOODON:03000629	NTR	canned	food characteristic	canned	☑	A characteristic of food material which indicates that it has undergone canning.												
2	FOODON:00002418		food (canned)	food material by process	food (canned)		Food material which has undergone a canning process.												
																			
3	FOODON:03000630	NTR	food maturation	food material processing	food maturation		The biological transformation of food material over a period of time in order to attain a flavour or food preservation and safety objective.	https://en.wikipedia.org/wiki/Aging_(food)											
3	FOODON:03000631	NTR	induced maturation	food maturation	induced maturation		A planned process in which a controlled environment or maturation agent is introduced in order to mature food material.		From discussion with Andrea Borghini										
				Parent term(s)	FoodOn Term	MIFC	Definition												
3	FOODON:03000632	NTR	food ageing	food maturation|storage	food ageing		A food maturation process occurring in a storage location with a controlled environment.	https://en.wikipedia.org/wiki/Aging_(food)											
2	FOODON:03000633	NTR	food (aged)	food material by characteristic	food (aged)		A characteristic of food that has undergone an ageing process.												
3	FOODON:03460252		enzymatic modification	food ageing|microbial/enzymatic modification	enzymatic modification		A food ageing process involving the addition of enzymes or the activation of endogenous enzymes.		LanguaL curation note: Used for products in which one or more components were converted through the addition of enzymes or through activation of endogenous enzymes.										
3	FOODON:03460253		curing of food	food ageing	curing of food		A food ageing process involving the addition of salt or sugar, with an objective of reducing water content in the material by osmosis.	https://en.wikipedia.org/wiki/Curing_(food_preservation)	LanguaL note: Such changes may be induced by the introduction of certain chemicals, such as sodium sulfite, salt, sugar, or other substances, such as phenolics, in dry or liquid form and often aided by smoke. Cheese should always be indexed by the appropriate narrower term under *LACTIC ACID-OTHER AGENT FERMENTED*.										
2	FOODON:03000634	NTR	food (cured)	food material by characteristic	food (cured)		Food material which has undergone curing.												
1	FOODON:03000635	NTR	cured (sensu food)	physical object quality	cured (sensu food)		A characteristic of food material which indicates that it has undergone curing.												
3	FOODON:03460288		aging < 2 weeks	food ageing	aging < 2 weeks		An aging process of under two weeks in duration.												
3	FOODON:03460289		aging 2 weeks to 1 month	food ageing	aging 2 weeks to 1 month		An aging process of two weeks to a month in duration.												
3	FOODON:03460290		aging 1 to 2 months	food ageing	aging 1 to 2 months		An aging process of one to two months in duration.												
3	FOODON:03460291		aging 2 to 4 months	food ageing	aging 2 to 4 months		An aging process of two to four months in duration.												
3	FOODON:03460292		aging 4 to 6 months	food ageing	aging 4 to 6 months		An aging process of four to six months in duration.												
3	FOODON:03460293		aging 6 to 12 months	food ageing	aging 6 to 12 months		An aging process of six to twelve months in duration.												
3	FOODON:03460294		aging 12 months or over	food ageing	aging 12 months or over		An aging process of a year or more in duration.												
3	GO:0009835		fruit ripening	food maturation|enzymatic modification	fruit ripening	☑	An developmental maturation process that has as participant a fruit. Ripening causes changes in one or more characteristics of a fruit (color, aroma, flavor, texture, hardness, cell wall structure) and may make it more attractive to animals and aid in seed dispersal.	https://en.wikipedia.org/wiki/Ripening											
1	FOODON:03530050		fruit or vegetable ripeness	food plant physical quality	fruit or vegetable ripeness		A food plant physical characteristic about the ripening stage of development of a fruit (or vegetable).												
2	FOODON:03000636	NTR	unripe fruit	fruit	unripe fruit		A fruit which is unripe.												
1	FOODON:03530051		unripe	fruit or vegetable ripeness	unripe	☑	A fruit (or vegetable) ripeness characteristic in which a fruit has not achieved full maturity and is not slightly ripe.		broad syn. unripe; immature										
2	FOODON:03000637	NTR	slightly ripe fruit	fruit	slightly ripe fruit		A fruit which is slightly ripe.												
1	FOODON:00003347		slightly ripe	fruit or vegetable ripeness	slightly ripe	☑	A fruit (or vegetable)  ripeness characteristic in which a fruit has some ripe part or is about to achieve full maturity.		broad syn. slightly ripe										
2	FOODON:03000638	NTR	ripe fruit	fruit	ripe fruit		A fruit which is ripe.												
1	FOODON:03530052		ripe	fruit or vegetable ripeness	ripe	☑	A fruit (or vegetable) ripeness characteristic in which a fruit has achieved full maturity and is ready for utilization.												
2	FOODON:03000639	NTR	overripe fruit	fruit	overripe fruit		A fruit which is overripe.												
1	FOODON:00003346		overripe	fruit or vegetable ripeness	overripe	☑	A fruit (or vegetable) ripeness characteristic in which a fruit has surpassed ripeness and is undergoing decomposition.												
2	FOODON:03000640	NTR	mature bean	seed mature	mature bean		A fully grown seed in or harvested from the dried pod of a legume plant.												
2	FOODON:03000641	NTR	immature bean	seed immature	immature bean		A partially grown seed in or harvested from the dried pod of a legume plant.												
3	FOODON:03000642	NTR	artificial fruit ripening	fruit ripening|induced maturation	artificial fruit ripening		A fruit ripening process pertaining to climacteric fruit after harvest.	https://en.wikipedia.org/wiki/Ripening											
3	FOODON:03000643	NTR	ethylene gas ripening	artificial fruit ripening	ethylene gas ripening		An artificial fruit ripening process that utilizes ethylene gas.	https://en.wikipedia.org/wiki/Ripening											
3	FOODON:03000644	NTR	calcium carbide ripening	artificial fruit ripening	calcium carbide ripening		An artificial fruit ripening process that utilizes calcium carbide.	https://en.wikipedia.org/wiki/Ripening											
3	FOODON:03000645	NTR	natural fruit ripening	fruit ripening	natural fruit ripening		A fruit ripening process before or after harvest that involves fruit aging in the context of natural heat and light. 	https://en.wikipedia.org/wiki/Ripening											
3	FOODON:03000646	NTR	climacteric fruit ripening	natural fruit ripening	climacteric fruit ripening		A natural fruit ripening process pertaining to fruits that continue to ripen after harvest.	https://en.wikipedia.org/wiki/Climacteric_fruits	Ethylene gass ripening 										
3	FOODON:03000647	NTR	non-climacteric fruit ripening	natural fruit ripening	non-climacteric fruit ripening		A natural fruit ripening process pertaining to non-climacteric fruits which only ripen when attached to a plant.	https://en.wikipedia.org/wiki/Ripening											
3	FOODON:03000648	NTR	cheese ripening	food maturation|enzymatic modification	cheese ripening		A food maturation process in which animal milk (or cream) undergoes transformation due to select bacteria, mold, yeast, coagulant, and other ingredients. 	https://en.wikipedia.org/wiki/Cheese_ripening	syn cheese aging. affinage							https://www.wisconsincheese.com/the-cheese-life/article/217/understanding-cheese-aging-levels			
2	FOODON:03000649	NTR	fresh cheese	cheese	fresh cheese		A cheese which undergoes little or no cheese ripening.	https://en.wikipedia.org/wiki/Types_of_cheese											
2	FOODON:03000650	NTR	ripened cheese	cheese	ripened cheese		A cheese which undergoes significant cheese ripening.	https://en.wikipedia.org/wiki/Types_of_cheese	syn. cheese (maturing)										
2	FOODON:03000651	NTR	semi-aged cheese	ripened cheese	semi-aged cheese		A cheese produced through a ripening process that does not allow it to reach full maturity.												
2	FOODON:03000652	NTR	aged cheese	ripened cheese	aged cheese		A cheese which is output of a cheese ripening process, aged for months or years, developing a harder texture and stronger taste.		syn. ripe cheese										
			wine maturation		wine maturation		MAGALIE!												
1			aged wine		aged wine														
																			
																			
3	FOODON:03460225		food material combination	food treatment|material combination	food material combination		A material combination process involving two or more food materials.		LanguaL curation note: A food product is characterized by its main ingredient (food source and part); the addition of secondary ingredients is considered a treatment applied to the product. Secondary ingredients are indexed according to rules that are based on the order of predominance by weight (not counting water) as seen from the label statement, formulation or recipe and/or from the amount of the ingredient as percentage of total product weight. The general rule is:  an ingredient is always indexed if it is the second ingredient in order of predominance, if it is used as a filling, or if it is part of the product name(e.g., raisin bread). Specific rules are given in the scope note for the individual ingredient added; these rules specify more exhaustive indexing. For example, *MUSHROOM ADDED* is indexed regardless of ingredient position. another specific rule is given in the scope note for *SALTED*:  Use if the level of salt is more than 4%. Such a rule is used only when the percentage level can be inferred from the list of ingredients.								https://orcid.org/0000-0002-8844-9165		
3	FOODON:03000653	NTR	food fortification	material combination|food material processing	food fortification		A material combination process in which food material is enhanced with the addition of one or more nutrients.												
1	FOODON:03000654	NTR	fortified	food characteristic	fortified														
2	FOODON:03000655	NTR	food (fortified)	food material by characteristic	food (fortified)														
3	FOODON:03460194		nutrient or dietary substance addition	food material combination	nutrient or dietary substance addition		A food is 'enriched' when nutrients are added to it to replace those that are lost in processing; a food is 'fortified' when nutrients that were never present are added to it.		LanguaL curation note: Used when a chemical constituent is added for nutrient supplementation. Not used when the constituent is added to improve the functional properties of the food product. If the purpose of the constituent is not known, use the appropriate index term.										
3	FOODON:03460207		food filling process	food material combination	food filling process		A food material combination in which food material is added by a filling process.		LanguaL curation note: Applies to all filled or stuffed products, including pies and sandwiches.				food filling material						
																			
3	FOODON:03470103		food salting	food material combination|preservation by adding inorganic acids or salts|preservation by reducing water activity	food salting				LanguaL curation note: Used when salting is used for preservation. The salt content of the food is generally 8% or higher (e.g. salted fish, etc.).										
3	FOODON:03470139		food dry salting	food salting	food dry salting		A food salting process in which food material is packed in dry salt in sufficient quantity to suppress enzyme activity or growth of undesirable organisms.												
3	FOODON:03470137		brining	food salting	brining		A food salting process in which food material is Immersed in a salt brine strong enough to suppress enzyme activity and growth of undesirable organisms.	https://en.wikipedia.org/wiki/Brining											
1	FOODON:03000656	NTR	brined	food characteristic	brined	brined	A characteristic of food material which indicates that it has undergone brining.												
3	FOODON:03000657	NTR	kippering	food preservation	kippering		Preservation by rubbing with salt or other spices before drying in the open air or in smoke.		https://en.wikipedia.org/wiki/Kipper										
1	FOODON:03000658	NTR	kippered	food characteristic	kippered	kippered	A characteristic of food material which indicates that it has been kippered.		https://en.wikipedia.org/wiki/Kipper										
3	FOODON:00002732		food seasoning process	food material combination	food seasoning process		A process of applying a seasoning mixture to a given food.							food (seasoned)			https://orcid.org/0000-0002-8844-9165		
3	FOODON:03460148		water addition	food material combination|water addition or removal	water addition				LanguaL curation note: Used for a liquid or solid product to which water was added beyond its natural water level. If a single-strength standard for the product exists, use the appropriate narrower term under *WATER ADDED*.										
3	FOODON:03460234		dilution process to 15-49% of single strength	water addition	dilution process to 15-49% of single strength														
3	FOODON:03460237		dilution process to 50-99% of single strength	water addition	dilution process to 50-99% of single strength														
3	FOODON:03460160		alcoholization	food material combination	alcoholization				LanguaL curation note: Used when alcohol is added for flavor or taste, for example, brandied peaches or cold-pack cheese food with port wine.										
3	FOODON:03460150		food color addition	food material combination	food color addition				LanguaL curation note: Used when a color substance is added to a food at any level.										
3	FOODON:03460133		food certified color addition	food color addition	food certified color addition		A food color addition in which color that must be certified by batch as safe to use is added at any level.												
3	FOODON:03460106		food noncertified color addition	food color addition	food noncertified color addition				LanguaL curation note: Used when a color is added that is exempt from certification and considered safe for use.										
3	FOODON:03460275		food meat liquid injection process	physical/chemical modification	food meat liquid injection process				LanguaL curation note: Used when liquid is injected into a meat or poultry is prebasted. Do not confuse with *WATER ADDED*.										
3	FOODON:03460751		leavening agent addition	food material combination	leavening agent addition														
3	FOODON:03460752		sourdough addition	leavening agent addition	sourdough addition				LanguaL curation note: If wheat sourdough was added use also *WHEAT ADDED [H0319]*. If rye sourdough was added use also *RYE ADDED [H0337]*.										
3	FOODON:03460753		yeast addition	leavening agent addition	yeast addition														
3	FOODON:03460351		chemical leavening agent addition	leavening agent addition	chemical leavening agent addition														
																			
3	FOODON:03460353		food coating or covering process	physical/chemical modification	food coating or covering process														
3	FOODON:03460354		sugar coating or covering process	food coating or covering process	sugar coating or covering process														
3	FOODON:03460355		chocolate coating or covering process	food coating or covering process	chocolate coating or covering process				LanguaL curation note: Includes chocolate coatings for such products as candy and ice cream products as well as icings and frostings for such products as cakes and doughnuts.										
3	FOODON:03460357		carob coating or covering process	food coating or covering process	carob coating or covering process				LanguaL curation note: Used for foods that have a coating or icing made from carob.										
																			
3	FOODON:03460178		food aeration	physical/chemical modification	food aeration				LanguaL curation note: Used for products with which a substantial amount of air has been mixed through mechanical action. Do not use when air was introduced primarily through chemical action or through fermentation.										
3	FOODON:03460358		food aeration by whipping	food aeration	food aeration by whipping				LanguaL curation note: Used when foods or liquids (or a combination) are aerated by vigorously mixing them using a whip, whisk, spoon, spatula, rotary beater or electric mixer.										
3	FOODON:03460359		food aeration by creaming	food aeration	food aeration by creaming				LanguaL curation note: Used when a solid fat (butter, margarine, shortening) is aerated to a creamy appearance, often with the addition of sugar.										
2		ENVO	foam	mass of environmental material	foam	foam	A mass of material which is formed by trapping gas in bubbles.												
																			
3	FOODON:03460781		food micro-encapsulation	physical/chemical modification	food micro-encapsulation		Micro-encapsulation is a process in which tiny particles or droplets are surrounded by a coating to give small capsules many useful properties. In a relatively simplistic form, a microcapsule is a small sphere with a uniform wall around it.		The material inside the microcapsule is referred to as the core, internal phase, or fill, whereas the wall is sometimes called a shell, coating, or membrane. Most microcapsules have diameters between a few micrometers and a few millimeters. The definition has been expanded, and includes most foods. Every class of food ingredient has been encapsulated; flavors are the most common. The technique of microencapsulation depends on the physical and chemical properties of the material to be encapsulated.[http://en.wikipedia.org/wiki/Micro-encapsulation]  LanguaL curation note: Used for the coating of microscopic particles with another material.										
																			
3	FOODON:03460175		carbonation	food material combination	carbonation				LanguaL curation note: Used when carbon dioxide is added or introduced by processing. Excludes naturally carbonated water, which is indexed under food source *MINERAL WATER*.  https://orcid.org/0000-0002-8844-9165's note: converted to a process										
3	FOODON:03460109		artificial carbonation	carbonation	artificial carbonation				LanguaL curation note: Used when carbon dioxide has been added to a food product at any level. https://orcid.org/0000-0002-8844-9165's note: converted to a process										
																			
3	OBI:0600014		material component separation	material processing	material component separation		A material processing in which components of an input material become segregated in space		Note this allows for centrifugation, where an output material may have adjacent but distinct components.										
3	FOODON:03460238		food component separation	material component separation	food component separation		A material component separation process involving food material.		LanguaL curation note: Use the appropriate term under *COMPONENT REMOVED* to indicate the permanent full or partial removal of a nutritional/chemical component naturally present in the part of plant or animal used.								https://orcid.org/0000-0002-8844-9165		
3	FOODON:00003203		harvesting	food component separation	harvesting		A process which takes in some food material from an individual or community of plant or animal organisms in a given context and time, and outputs a precursor or consumable food product. This may include a part of an organism or the whole, and may involve killing the organism.		This includes harvesting from plants, hunting a deer, or milking process of a cow.  The food is derived from part or whole of a single organism species (with perhaps a few exceptions, such as lichen).				pre-harvest food material	harvested food material					
3	FOODON:00002721		dehulling	food component separation	dehulling		Dehulling is the process of removing the hulls (or chaff) from beans and other seeds.							food (hulled)			https://orcid.org/0000-0002-8844-9165		
3	FOODON:00002722		corn husking	food component separation	corn husking		Husking of corn is the process of removing its outer layers, leaving only the cob or seed rack of the corn							corn on-the-cob (raw)			https://orcid.org/0000-0002-8844-9165		
3	FOODON:00004531		deboning	food component separation	deboning		The process of removing bone from animal meat.										https://orcid.org/0000-0002-8844-9165		
3	FOODON:03000659	NTR	fruit pitting	food component separation	fruit pitting		A material component separation process involving food material.												
3	FOODON:03460760		animal rendering	food component separation	animal rendering		Rendering is a process that converts waste animal tissue into stable, value-added materials. Rendering can refer to any processing of animal byproducts into more useful materials, or more narrowly to the rendering of whole animal fatty tissue into purified fats like lard or tallow. Rendering can be carried out on an industrial, farm, or kitchen scale.												
3	FOODON:00003307		shell removal	food component separation	shell removal		A process which separates a culinary nut's shell from its meat, leaving the meat part more or less intact.												
3	FOODON:03000001		food peeling	food component separation	food peeling		peeling is the process of removing the outer covering, layer or skin from a fruit, vegetable, or plant or animal (such as a shrimp).							food (peeled)			https://orcid.org/0000-0002-8844-9165		
3	FOODON:03460398		rind removal	food component separation	rind removal				LanguaL curation note: Used for food products (typically fruit, cheese or meat) that have had the rind removed.										
3	FOODON:00004036		grape destemming	food component separation	grape destemming								grape cluster	grape|peduncle|pedicel|leaf rachis			http://orcid.org/0000-0002-8844-9165		
3	FOODON:00004037		fruit crushing	food component separation	fruit crushing														
3	FOODON:00004038		grape crushing	fruit crushing	grape crushing		The crushing of whole grapes						grape	grape must					
3	FOODON:00004040		grape pressing	food component separation	grape pressing			https://en.wikipedia.org/wiki/Pressing_(wine)						pressed grape juice|grape pomace					
3	FOODON:00004041		destemmed grape pressing	grape pressing	destemmed grape pressing		A grape pressing process in which whole grapes or destemmed grape must is input directly into a grape press.	https://en.wikipedia.org/wiki/Pressing_(wine)					grape						
3	FOODON:00004042		whole-cluster grape pressing	grape pressing	whole-cluster grape pressing		A grape pressing process in which whole grapes and grape clusters are input directly into a grape press.	https://en.wikipedia.org/wiki/Pressing_(wine)	By avoiding a maceration process, this technique limits the extraction of phenolics into white wines.				grape cluster						
3	FOODON:00004043		grape crushing and destemming	food component separation	grape crushing and destemming		A food component separation that accomplishes grape crushing and destemming with one device.		"This process may be carried out by a ""stemmer-crusher"" aka ""destemmer-crusher""."				('grape cluster' or 'grape')	destemmed grape must					
																			
3	FOODON:03000660	NTR	fractionation	material component separation	fractionation														
3	FOODON:03000661	NTR	fractionation by chemical structure	fractionation	fractionation by chemical structure														
3	FOODON:03000662	NTR	fractionation along anatomical boundary	fractionation	fractionation along anatomical boundary														
3	FOODON:03000663	NTR	fractionation by form objective	fractionation	fractionation by form objective														
3	FOODON:03000664	NTR	chemical fractionation	fractionation	chemical fractionation														
3	FOODON:00003215		winterization of oil	fractionation	winterization of oil		Winterization of oil is a process that uses a solvent and cold temperatures to separate lipids and other desired oil compounds from waxes. Winterization is a type of fractionation, the general process of separating the triglycerides found in fats and oils, using the difference in their melting points, solubility, and volatility.												
3	FOODON:03460270		food distillation	physical/chemical modification	food distillation														
																			
3	FOODON:00004068		winemaking	food material processing	winemaking		A food material processing which is the production of wine, starting with the selection of the fruit, its fermentation into alcohol, and the bottling or packaging of the finished liquid.	https://en.wikipedia.org/wiki/Winemaking											
3	FOODON:00004069		wine maceration	food modification	wine maceration		A food modification which is a step in winemaking where the phenolic materials of the grape - tannins, coloring agents (anthocyanins) and flavor compounds - are leached from the grape skins, seeds and stems into the must.	https://en.wikipedia.org/wiki/Maceration_(wine)											
3	FOODON:00004070		conventional maceration	wine maceration	conventional maceration		A wine maceration process which occurs in a room temperature environment without other atmospheric controls.????												
3	FOODON:00004071		hot maceration	wine maceration	hot maceration		A method of maceration involving high-temperature treatment of grape must before fermentation.	https://www.bio-conferences.org/articles/bioconf/full_html/2017/02/bioconf-oiv2017_02032	Various techniques of thermo-maceration were developed on the basis of evolution of the industrial technologies. The extraction principle consists in heating the whole grapes or the crushed and destemmed grapes to high temperatures (65–80◦C), promoting the diffusion of phenolics from the skins, especially anthocyanins.[https://www.bio-conferences.org/articles/bioconf/full_html/2017/02/bioconf-oiv2017_02032]										
3	FOODON:00004074		cold maceration	wine maceration	cold maceration		A wine maceration process in which  temperatures of the fermenting must are kept low to encourage extraction by water and added sulfur dioxide rather than relying principally on heat and alcohol to act as a solvent.	https://en.wikipedia.org/wiki/Maceration_(wine)								https://en.wikipedia.org/wiki/Sulfur_dioxide		https://www.sciencedirect.com/science/article/abs/pii/S0023643818304122	
3	FOODON:00004072		limited maceration	wine maceration	limited maceration		A maceration process where seeds and skins of grapes are left in contact with juice or wine for a shorter period of time.												
3	FOODON:00004073		extended maceration	wine maceration	extended maceration		A maceration process where seeds and skins of grapes are left in contact with juice or wine for a longer period of time.												
3	FOODON:00004075		carbonic maceration	wine maceration	carbonic maceration		A maceration process in which whole grapes are fermented in a carbon dioxide rich environment before crushing.  Fermentation occurs within grape tissue, rather than from the skin surface.	https://en.wikipedia.org/wiki/Carbonic_maceration	This method involves filling a sealed vessel with carbon dioxide and then adding whole grapes or grape clusters. ... Carbonic maceration ferments most of the juice while it is still inside the grape, although grapes at the bottom of the vessel are crushed by gravity and undergo conventional fermentation.[https://en.wikipedia.org/wiki/Carbonic_maceration]				grape						
																			
																			
																			
3	FOODON:03000665	NTR	component reduction	material component separation	component reduction		"A food processing method which reduces the relative proportion of one component of a food. ISSUE : Is this always a subcomponent of ""material separation""?"		This is not necessarily a child of food component separation, in the case where new components are made out of the constituents of old components.	Fat reduction									
3	FOODON:03460393		acid reduction	component reduction	acid reduction				LanguaL curation note: Used when a juice, typically orange, has undergone a process specified in 21 CFR 146.148 to reduce the adicity of the food.										
3	FOODON:03460285		alcohol removal	component reduction	alcohol removal				LanguaL curation note: Used for products from which alcohol has been removed.										
3	FOODON:03460286		full alcohol removal	alcohol removal	full alcohol removal				LanguaL curation note: Used for products from which alcohol has been removed to less than 0.5% alcohol by volume.										
3	FOODON:03460287		partial alcohol removal	alcohol removal	partial alcohol removal				LanguaL curation note: Used for products from which alcohol has been removed to 0.5% or more alcohol by volume.										
3	FOODON:03460134		protein removal	component reduction	protein removal														
3	FOODON:03460135		alkaloid or purine removal	component reduction	alkaloid or purine removal														
3	FOODON:03460138		water removal	component reduction	water removal				LanguaL curation note: Used for a liquid or solid product from which a significant amount of water (25% or more of the original weight of the water) has been removed. If dehydration is the primary preservation method, also index *DEHYDRATED OR DRIED*. For soups that require the addition of water, use the appropriate narrower term regardless of whether water was removed or not. Do not use for products that have been rehydrated.										
3	FOODON:03460112		water removal to reconstitution ratio 3 plus 1 or higher	water removal	water removal to reconstitution ratio 3 plus 1 or higher														
3	FOODON:03460113		water removal to reconstitution ratio 2 plus 1	water removal	water removal to reconstitution ratio 2 plus 1														
3	FOODON:03460114		water removal to reconstitution ratio 1 plus 1	water removal	water removal to reconstitution ratio 1 plus 1														
3	FOODON:03460140		decaffeination	component reduction|alkaloid or purine removal	decaffeination														
3	FOODON:03460137		demineralizing	component reduction	demineralizing				LanguaL curation note: Used when one or more naturally present minerals have been fully or partially removed.										
3	FOODON:03460266		carbohydrate removal	component reduction	carbohydrate removal														
3	FOODON:00002414		food solvent extraction	material component separation	food solvent extraction		Extraction of substance(s) from a food source using a solvent such as alcohol, hexane, or ethanol.										https://orcid.org/0000-0002-8844-9165		
3	FOODON:03460161		fat removal	component reduction	fat removal				LanguaL curation note: Used for products that contain less than 60% of the fat naturally present in the food source (more precisely, the part of the food source.) more specific fat levels, which vary from one product type to another, are specified in the extended scope notes for *FAT PARTIALLY REMOVED* and *FAT FULLY REMOVED* in the manual.										
3	FOODON:03460247		partial fat removal	fat removal	partial fat removal				LanguaL curation note: Used for products that contain between 10-20% and 60% of the fat naturally present in the food source. Examples are breakfast cocoa, low fat milk and low-fat cottage cheese.										
3	FOODON:03460324		partial fat removal, 50% or more remaining	partial fat removal	partial fat removal, 50% or more remaining				LanguaL curation note: Used for food products that have had fat partially removed to leave more than 50% fat from a full fat product. An example would 2% milk where full fat milk is 4%.										
3	FOODON:03460325		partial fat removal, less than 50% remaining	partial fat removal	partial fat removal, less than 50% remaining				LanguaL curation note: Used for food products that have had fat removed to leave less than 50% fat from a full fat product. Examples would be 1% milk or 1/2% milk, where full fat milk is 4%.										
3	FOODON:03460248		full fat removal	fat removal	full fat removal				LanguaL curation note: Used for products that contain less than 10-20% of the fat naturally present in the food source. Examples are skim milk, low-fat cocoa and dry-curd cottage cheese.										
3	FOODON:03460236		sodium removal	demineralizing	sodium removal				LanguaL curation note: Used when naturally present sodium has been fully or partially removed. Index also by the appropriate term under *SALT OR SODIUM SPECIAL CLAIM OR USE*.										
3	FOODON:03460295		lactose removal	carbohydrate removal	lactose removal				LanguaL curation note: Used when lactose is removed from the food product as when washing curd for cheese preparation. When lactose content is reduced by enzymatic conversion of lactose, use *LACTOSE CONVERTED*.										
3	FOODON:03460750		gluten removal	protein removal	gluten removal														
																			
3	FOODON:03000666	NTR	comminution	material component separation	comminution		A physical forming process involving the reduction of solid materials from one average particle size to a smaller average particle size, by crushing, grinding, cutting, vibrating, or other processes.	https://en.wikipedia.org/wiki/Comminution											
2	FOODON:03000667	NTR	material (comminuted)	material entity	material (comminuted)		Moist or dry material which has been communited.												
2	FOODON:03000668	NTR	puree	material (comminuted)	puree	puree	cooked food, usually vegetables, fruits or legumes, that has been ground, pressed, blended or sieved to the consistency of a creamy paste or liquid.	https://en.wikipedia.org/wiki/Pur%C3%A9e											
3	FOODON:03000669	NTR	material grinding	comminution	material grinding		A comminution process involving the feeding of input material through a grinder.												
1	FOODON:03000670	NTR	ground (characteristic)	physical object quality	ground (characteristic)		A physical object quality indicating that material has been comminuted into smaller pieces as a result of a grinding process. 		This characteristic doesn't commit to whether a material is moist or dry.										
2	FOODON:03000717	NTR	material (ground)	material (comminuted)	material (ground)		Comminuted material that is output from a material grinding process.												
2	FOODON:03000671	NTR	paste	material (ground)	paste	paste	Ground material which has a smooth and moist or wet texture.												
2	FOODON:03000672	NTR	powder	material (ground)	powder	powder	Ground material which has a powdered characteristic.												
1	FOODON:03000673	NTR	powdered	ground (characteristic)	powdered		A physical object quality indicating that material consists of dry particles, possibly of various sizes, as a result of a grinding process. 		The limit of particle size ranges from very coarse to very fine with some standards to set the gradation of particle size (using sieves) coming from pharmacology.							http://www.uspbpep.com/usp31/v31261/usp31nf26s1_c811.asp|https://pharmastate.academy/powder-fineness-and-sieves/|https://majesticspice.com/why-mesh-size-matters-in-spices-and-how-it-affects-flavor-yield-processing/			
1	FOODON:03000674	NTR	coarsely powdered	powdered	coarsely powdered		A powdered characteristic indicating that material consists of coarsely-sized particles.												
1	FOODON:03000675	NTR	finely powdered	powdered	finely powdered		A powdered characteristic indicating that material consists of fine-sized particles.												
3	FOODON:00002415		food milling	comminution	food milling		The process of milling grain into flour, usually performed by a grist mill, corn mill or flour mill.							food (milled)			https://orcid.org/0000-0002-8844-9165		
3	FOODON:00004533		food grinding	material grinding	food grinding		Material grinding in which the input is food material.			Meat grinding to produce ground meat.							https://orcid.org/0000-0002-8844-9165		
2	FOODON:00002713		food (ground)	material (ground)|food material by process	food (ground)		Comminuted material which has a ground characteristic.												
2	FOODON:00002976		food (powdered)	food (ground)|material (ground)	food (powdered)		Ground food material which has a powdered characteristic.												
3	FOODON:00000071		cutting	comminution	cutting		A process of cutting material into smaller pieces, chunks or slices.										https://orcid.org/0000-0002-8844-9165		
2	FOODON:00004291		food (cut)	food material by process	food (cut)		Solid or semi-solid food material which has been cut.				'food material' and 'is specified output of' some cutting								
3	FOODON:00004474		slicing	cutting	slicing		A cutting process which outputs material with a sliced characteristic.												
2	FOODON:00002455		food (sliced)	food (cut)	food (sliced)		Cut food that has a sliced characteristic.												
1	FOODON:03430137		sliced	food characteristic	sliced		A characteristic of food material which has been cut to an even thickness (height) which is smaller than its width and length.												
																			
3	FOODON:00004534		mincing	food component separation	mincing		The process of cutting food such as meat into very fine pieces.										https://orcid.org/0000-0002-8844-9165		
2	FOODON:03000676	NTR	food (minced)	food (cut)	food (minced)														
1	FOODON:03000677	NTR	minced	food characteristic	minced														
																			
2	FOODON:00004555		food (chunks)	food material by characteristic|food (cut)	food (chunks)														
1	FOODON:03000678	NTR	chunky	food characteristic	chunky														
																			
3	FOODON:03000679	NTR	dicing	cutting	dicing		Dicing is a culinary knife cut in which the food item is cut into small blocks or dice.	https://en.wikipedia.org/wiki/Dicing											
2	FOODON:00004549		food (diced)	food (cut)	food (diced)						'output of' some dicing								
1	FOODON:03000680	NTR	diced	food characteristic	diced														
																			
3	FOODON:03000681	NTR	grating	food component separation	grating														
2	FOODON:00004552		food (grated)	food material by process	food (grated)						'output of' some 'grating'								
2			grater	utensil	grater		A kitchen utensil used to grate or shred foods into fine pieces.	https://en.wikipedia.org/wiki/Grater											
1	FOODON:03000682	NTR	grated	food characteristic	grated														
																			
3	FOODON:03000719	NTR	food shredding	food component separation	food shredding														
2	FOODON:00004553		food (shredded)	food material by process	food (shredded)						'output of' some 'food shredding'								
																			
3	FOODON:03000718	NTR	food pulping	comminution	food pulping		A food component separation process of turning food material into pulp.												
2	FOODON:00004554		food (pulped)	food material by characteristic	food (pulped)						'has quality' some 'pulped' and 'output of' some 'food pulping'								
1	FOODON:03000683	NTR	pulped	food characteristic	pulped														
																			
3	FOODON:00004550		food cubing	food component separation	food cubing		The process of cutting food such as meat into cubic pieces.							food (cubed)			https://orcid.org/0000-0002-8844-9165		
3	FOODON:03460274		food flaking	food component separation	food flaking		TBD		LanguaL curation note: Used only for breakfast cereals made by forcing cooked particles of grain or tiny pellets of dough between very heavy rollers that convert each piece into a single flake.										
																			
																			
																			
3	FOODON:03000684	NTR	material state modulation	material processing	material state modulation		Material processing which involves a change in energy or physical state of a material.	https://en.wikipedia.org/wiki/Energy											
																			
3	FOODON:00002409		physical forming	physical/chemical modification	physical forming		Modification through physical treatment to affect the shape characteristic of material.										https://orcid.org/0000-0002-8844-9165		
3	FOODON:03000685	NTR	force modulation	material state modulation	force modulation		TBD												
3	FOODON:03000686	NTR	kneading	force modulation	kneading		TBD												
3	FOODON:03000687	NTR	compressing (pressing)	force modulation	compressing (pressing)		TBD												
3	FOODON:03000688	NTR	material shaping	force modulation	material shaping		A force modulation of a food material that achieves a transformation in shape.												
3	FOODON:03460192		food texturing	physical forming	food texturing		Modified through physical and/or chemical treatment to promote or affect the tactile quality and appearance of a food product.												
3	FOODON:03460239		food rolling	physical forming	food rolling		TBD		LanguaL curation note: Used for a grain in which the kernels have been physically compressed between heated rollers.										
3	FOODON:03460366		food flattening	physical forming	food flattening		TBD		LanguaL curation note: Used for any process such as rolling or pounding that is applied to dough, paste or meat (veal, chicken breast) in order to flatten the appearance.										
3	FOODON:03460352		food extrusion	physical forming	food extrusion		Modified through a physical or chemical procedure by forcing a food mixture through a die to achieve a particular shape.												
3	FOODON:03460268		food puffing	physical/chemical modification	food puffing		TBD												
							nto long, thick strands												
3	FOODON:03000689	NTR	material agitation	material processing	material agitation		A material modification process in which a single or multi-phase material is forced to flow.		Agitation may be applied to a mixture to maintain a random distribution of components.										
3	FOODON:03000690	NTR	mixing	material agitation	mixing		A material agitation process leading to the random distribution, into and through one another, of two or more materials with initially separate phases.	https://pages.mtu.edu/~fmorriso/cm310/fluids_lecture_15											
3	FOODON:03000691	NTR	passive mixing	mixing	passive mixing		A mixing process in which gas or liquids combine without physical intervention												
3	FOODON:03000692	NTR	stirring	material agitation	stirring		A material agitation process in which a device applies force to a material, causing movement of material components.												
3	FOODON:03460306		emulsification	mixing	emulsification		The mixing of two liquid or solid-liquid components [by a process of severe mixing, stirring and beating] with the objective of creating an emulsion.	https://ebooks.inflibnet.ac.in/ftp02/chapter/size-reduction-2-emulsification-and-homogenization/	LanguaL curation note: Used for products in which two or more phases are mixed very finely but not at the molecular level. A very fine dispersion of a solid in a liquid is called a suspension. A very fine dispersion of one liquid in another immiscible liquid is called an emulsion. Renamed from 'food homogenization or emulsification process' in order to move homogenization into a subclass.										
2	ENVO:00010506		emulsion	material entity	emulsion	emulsion	A mixture of two immiscible (unblendable) substances. One substance (the dispersed phase) is dispersed in the other (the continuous phase).	https://ebooks.inflibnet.ac.in/ftp02/chapter/size-reduction-2-emulsification-and-homogenization/											
3	FOODON:03000693	NTR	homogenization	mixing	homogenization		Food emulsification which has the objective of creating a stable emulsion.												
2	FOODON:03000694	NTR	food (homogenized)	food material by process	food (homogenized)		Food material which has been homogenized.												
2	OBI:0400109		homogenizer	device	homogenizer		A device which performs a homogenization process.												
1	FOODON:03000720		homogenized	physical object quality	homogenized		A physical object quality which indciates that a material has undergone a homogenization process.												
3	FOODON:03000695	NTR	liquid homogenization	homogenization	liquid homogenization		A homogenizatin process involving liquid material inputs.												
3	FOODON:03000696	NTR	solid and liquid homogenization	homogenization	solid and liquid homogenization		A homogenization process involving both solid and liquid material inputs.												
3	FOODON:03000697	NTR	primary homogenization	homogenization	primary homogenization			https://en.wikipedia.org/wiki/Homogenization_(chemistry)											
3	FOODON:03000698	NTR	secondary homogenization	homogenization	secondary homogenization		A homogenization process applied to an input that is an emulsion, producing an emulsion with a reduced droplet size.	https://en.wikipedia.org/wiki/Homogenization_(chemistry)											
																			
																			
			MISCELLANEOUS																
3	FOODON:03460182		candying	physical/chemical modification	candying		A chemical modification involving osmosis in which water within fruit or vegetable material immersed in sugar syrop is replaced by sugar molecules.		LanguaL curation note: Used for whole fruit or pieces of fruit are permeated by sugar to result in a product with sugar solids over 70% (e.g., candied citrus peel or candied cherry). Not used for sugar-coated products or for such products as candied sweet potatoes or glazed carrots, which are merely sweetened by cooking in syrup.										
1	FOODON:03000699	NTR	candied	food characteristic	candied	candied	A characteristic of food material which indicates that it has undergone candying.		A characteristic of food material which indicates that it has undergone candying.										
3	FOODON:03000700	NTR	jellying	physical/chemical modification	jellying		A physical/chemical modification process in which a liquid thickens and transforms into a soft, elastic, semisolid state.	https://en.wiktionary.org/wiki/jelly											
2	FOODON:03000701	NTR	food (jellied)	food material by process	food (jellied)		Food material which is subjected to a jellying process.	https://en.wiktionary.org/wiki/jelly	Both fruit and meat can be jellied.										
1	FOODON:03000702	NTR	jellied	food characteristic	jellied	jellied	A characteristic of food material which indicates that it has undergone a jellying process.	https://en.wiktionary.org/wiki/jelly											
3	FOODON:03460190		pickling	microbial/enzymatic modification	pickling		A process of preserving or extending the shelf life of food by either anaerobic fermentation in brine or immersion in vinegar.	https://en.wikipedia.org/wiki/Pickling	"LanguaL curation note: Also index by other applicable terms from *MICROBIALLY/ ENZYMATICALLY MODIFIED*.  LanguaL definition: ""Treated with acid that may be produced by fermentation or added and/or with salt brine, often in the presence of spices or herbs, producing changes in flavor and texture."""										
2	FOODON:00001079		food (pickled)	food (preserved)	food (pickled)		Food material which is subjected to fermentation or acidification.	https://en.wikipedia.org/wiki/Pickling	Pickled food is often preserved by soaking and storing it in vinegar or brine.										
1	FOODON:03000703	NTR	pickled	food characteristic	pickled	pickled	A characteristic of food material which indicates that it has been pickled.												
3	FOODON:03460197		food bleaching	physical/chemical modification	food bleaching		Treated with chemicals to reduce color, primarily to whiten, e.g., bleached flour.												
3	FOODON:03460198		debittering	food component separation	debittering														
																			
3	FOODON:03000704	NTR	marination	physical/chemical modification	marination		A process of immersing food material in a liquid which may contain seasoning, acidifiers, alcohol, fermented milk products, oil, and enzymatic or alkaline components to flavor and slightly tenderize meats and vegetables before cooking.	https://en.wikipedia.org/wiki/Marination											
2	FOODON:03000705	NTR	marinade	food material by process	marinade														
1	FOODON:03000706	NTR	marinated	food characteristic	marinated	marinated	A characteristic of food material which indicates that it has undergone marination.												
3	FOODON:03460396		marination with acidifier	food acidification|alcohol-acetic acid fermentation	marination with acidifier		A marination process with an acidifier as a defining ingredient.		LanguaL curation note: Used when a food such as meat, fish or vegetables are soaked in a seasoned liquid in order to absorb flavor and, in some instances, to be tenderized. Most marinades contain an acid (lemon juice, vinegar, wine) and herbs or spices; the acid ingredient serves as the tenderizer.										
3	FOODON:03460200		food acidification	food material combination	food acidification		A food material combination process where acid is added to 		LanguaL curation note: Used  when acid is added to a food product at any level.										
2	FOODON:03301625		food (acidified)	food material by process	food (acidified)														
1	FOODON:03000707	NTR	cooked by acidification	food cooking	cooked by acidification														
3	FOODON:03460206		food alkalization	physical/chemical modification	food alkalization		Treated with a solution of alkali (primarily potassium or sodium carbonate). In cacao, alkalization neutralizes acids and leads to changes in flavor and color. In fats and oils, treatment with alkali leads to saponification of free fatty acids; soap and alkali are then removed.												
3	FOODON:03460203		lactose conversion	enzymatic modification	lactose conversion				LanguaL curation note: Used when all or part of the lactose in milk is converted to glucose and galactose through enzymatic action.										
3	FOODON:03460169		food instantizing	food modification	food instantizing				LanguaL curation note: Used for food products modified to reduce cooking time or to enhance dispersion characteristics of powdered or granulated products.										
3	FOODON:03460174		food hydrogenation	physical/chemical modification	food hydrogenation		The saturating or hardening of a vegetable oil to which hydrogen has been chemically added to convert it to a fat.												
3	FOODON:03460254		water addition or removal	food treatment	water addition or removal				LanguaL curation note: Used when water is added or removed in order to change the total solids-to-liquids ratio of a food product.		('water removal' or 'water addition')								
3	FOODON:03460276		food bromination	physical/chemical modification	food bromination														
3	FOODON:03460277		food hydrolyzation	physical/chemical modification	food hydrolyzation														
3	FOODON:03460278		food phosphating process	physical/chemical modification	food phosphating process														
																			
3	FOODON:00002707		food cleaning	physical/chemical modification	food cleaning		The process of cleaning food to separate out environmental materials or body substances.							food (cleaned)			https://orcid.org/0000-0002-8844-9165		
2	FOODON:00002708		food (cleaned)	food material by process	food (cleaned)		Food material which has undergone a cleaning process.												
1	FOODON:03000708	NTR	clean (food adjective)	food characteristic	clean (food adjective)		A food characteristic which indicates that food material has been cleaned.												
3	FOODON:03470106		food smoking	food modification|preservation by reducing water activity	food smoking		Smoking is the process of flavoring, browning, cooking, or preserving food by exposing it to smoke from burning or smoldering material, most often wood.		In the past, smoking was a useful preservation tool, in combination with other techniques, most commonly salt-curing or drying. For some long-smoked foods, the smoking time also served to dry the food. Drying, curing, or other techniques can render the interior of foods inhospitable to bacterial life, while the smoking gives the vulnerable exterior surfaces an extra layer of protection. [Wikipedia]|LanguaL curation note: Used when smoking is used for preservation.								https://orcid.org/0000-0002-8844-9165		
2	FOODON:03310311		food (smoked)	food material by process	food (smoked)		Food material which has undergone food smoking.												
1	FOODON:03000709	NTR	smoked (food adjective)	meat, poultry or fish physical quality	smoked (food adjective)		A meat, poultry or fish physical quality which indicates a food material has undergone a food smoking process.												
3	FOODON:00002814		ikajime	animal harvesting|food treatment	ikajime		An animal harvesting process in which a fish is slaughtered by insertion of a spike quickly and directly into the hindbrain, usually located slightly behind and above the eye, thereby causing immediate brain death, which enables the quality of the fishes' meat to be maintained.	https://en.wikipedia.org/wiki/Ikejime	The technique originated in Japan, but is now in widespread use. [...] When spiked correctly, the fish fins flare and the fish relaxes, immediately ceasing all motion. Destroying the brain and the spinal cord of the fish will prevent reflex action from happening; such muscle movements would otherwise consume adenosine triphosphate (ATP) in the muscle, and as a result produce lactic acid and ammonia, making the fish sour, soggy and less tasteful. Furthermore, the blood contained in the fish flesh retracts to the gut cavity, which produces a better coloured and flavoured fillet, and prolongs shelf life. [Wikipedia]								https://orcid.org/0000-0002-8844-9165		
